variant,iteration,model_id,run_id,run_json,version,timestamp,provider,harness,harness_version,policy_version,policy_enabled_features,total_runtime_sec,overall_score,quality_score,speed_score,reliability_score,value_score,speed_metrics_generation_tok_per_sec,analysis_failure_classes_json,analysis_json,benchloop_model_id,iteration_id,machine_backend,machine_cpu,machine_endpoint,machine_gpu,machine_gpu_memory_gb,machine_hardware_label,machine_is_remote,machine_machine_id,machine_os,machine_remote_host,machine_system_memory_gb,model_alias,model_family,model_model_id,model_parameter_count,model_quantization,policy_json,sampler_temp,sampler_top_k,sampler_top_p,speed_metrics_prompt_eval_tok_per_sec,speed_metrics_total_latency_ms,speed_metrics_ttft_ms,suite_agent_fail_count,suite_agent_median_latency_ms,suite_agent_pass_count,suite_agent_score,suite_agent_task_count,suite_coding_fail_count,suite_coding_median_latency_ms,suite_coding_pass_count,suite_coding_score,suite_coding_task_count,suite_dataextract_fail_count,suite_dataextract_median_latency_ms,suite_dataextract_pass_count,suite_dataextract_score,suite_dataextract_task_count,suite_instructfollow_fail_count,suite_instructfollow_median_latency_ms,suite_instructfollow_pass_count,suite_instructfollow_score,suite_instructfollow_task_count,suite_reasonmath_fail_count,suite_reasonmath_median_latency_ms,suite_reasonmath_pass_count,suite_reasonmath_score,suite_reasonmath_task_count,suite_speed_fail_count,suite_speed_median_latency_ms,suite_speed_pass_count,suite_speed_score,suite_speed_task_count,suite_toolcall_fail_count,suite_toolcall_median_latency_ms,suite_toolcall_pass_count,suite_toolcall_score,suite_toolcall_task_count
gemma4_harness_optimized_17x,1,gemma-4-E2B-it-qat-UD-Q4_K_XL,2026-06-06T14:48:36.486656+00:00-gemma-4-E2B-it-qat-UD-Q4_K_XL-harness-iter01,results/benchloop/gemma4-harness-optimized/iteration-01/gemma-4-E2B-it-qat-UD-Q4_K_XL/run.json,0.1.0,2026-06-06T14:48:36.486656+00:00,openai_compat,raw,v1,iter-01,enforce_sampler;cap_max_tokens_by_task,937.8200457909843,50.45542509363296,48.916666666666664,65.79,41.57303370786517,7.981692490962,39.24880326141818,"{""tool_partial_batch"":4,""format_cleanup"":12,""numeric_string"":5,""semantic_extraction"":5,""invalid_json"":3,""format_or_instruction"":8,""answer_line"":5,""semantic_math"":9,""speed_measurement"":9,""tool_missing"":2,""tool_unneeded"":2}",results/benchloop/gemma4-harness-optimized/iteration-01/gemma-4-E2B-it-qat-UD-Q4_K_XL/analysis.json,gemma-4-E2B-it-qat-UD-Q4_K_XL-harness-iter01,iteration-01,ollama,,http://127.0.0.1:8092,Apple M1 Pro,25,Apple M1 Pro 32GB unified memory,true,remote:127.0.0.1,remote,127.0.0.1,0,gemma-4-E2B-it-qat-UD-Q4_K_XL,,gemma-4-E2B-it-qat-UD-Q4_K_XL-harness-iter01,,,results/benchloop/gemma4-harness-optimized/iteration-01/gemma-4-E2B-it-qat-UD-Q4_K_XL/policy.json,1,64,0.95,0,3296.956462892316,0,3,0,5,87.5,8,12,19123.275708509027,0,0,12,10,14083.635000017239,5,61.55,15,8,3442.1616249892395,7,64.45,15,14,19869.330917019397,1,6.67,15,0,3086.902833019849,9,65.79,9,5,518.7097500020172,10,73.33,15
gemma4_harness_optimized_17x,1,gemma-4-E4B-it-qat-UD-Q4_K_XL,2026-06-06T15:05:37.370090+00:00-gemma-4-E4B-it-qat-UD-Q4_K_XL-harness-iter01,results/benchloop/gemma4-harness-optimized/iteration-01/gemma-4-E4B-it-qat-UD-Q4_K_XL/run.json,0.1.0,2026-06-06T15:05:37.370090+00:00,openai_compat,raw,v1,iter-01,enforce_sampler;cap_max_tokens_by_task,534.2011999159877,58.184961610486894,58.52166666666667,61.17,55.0561797752809,9.103178812414946,28.253373718958564,"{""tool_partial_batch"":2,""format_cleanup"":12,""numeric_string"":3,""semantic_extraction"":5,""invalid_json"":2,""format_or_instruction"":6,""semantic_math"":6,""answer_line"":4,""speed_measurement"":9,""tool_missing"":2,""tool_unneeded"":1}",results/benchloop/gemma4-harness-optimized/iteration-01/gemma-4-E4B-it-qat-UD-Q4_K_XL/analysis.json,gemma-4-E4B-it-qat-UD-Q4_K_XL-harness-iter01,iteration-01,ollama,,http://127.0.0.1:8092,Apple M1 Pro,25,Apple M1 Pro 32GB unified memory,true,remote:127.0.0.1,remote,127.0.0.1,0,gemma-4-E4B-it-qat-UD-Q4_K_XL,,gemma-4-E4B-it-qat-UD-Q4_K_XL-harness-iter01,,,results/benchloop/gemma4-harness-optimized/iteration-01/gemma-4-E4B-it-qat-UD-Q4_K_XL/policy.json,1,64,0.95,0,4809.882717669501,0,1,0,7,93.75,8,12,8491.505375000997,0,0,12,7,6121.020834019873,8,74.05,15,6,1848.3281249937136,9,70,15,10,8789.991791010834,5,33.33,15,0,5297.983374999603,9,61.17,9,4,987.7897080150433,11,80,15
gemma4_harness_optimized_17x,2,gemma-4-E2B-it-qat-UD-Q4_K_XL,2026-06-06T15:14:34.839460+00:00-gemma-4-E2B-it-qat-UD-Q4_K_XL-harness-iter02,results/benchloop/gemma4-harness-optimized/iteration-02/gemma-4-E2B-it-qat-UD-Q4_K_XL/run.json,0.1.0,2026-06-06T15:14:34.839460+00:00,openai_compat,raw,v1,iter-02,enforce_sampler;cap_max_tokens_by_task;strip_reasoning;strip_markdown_fences;extract_python_code,323.84132545799366,57.73128277153559,56.30333333333334,70.62,50.56179775280899,13.55320567218264,47.608600431166685,"{""tool_partial_batch"":2,""format_cleanup"":12,""semantic_extraction"":10,""numeric_string"":1,""format_or_instruction"":8,""answer_line"":5,""semantic_math"":8,""speed_measurement"":9}",results/benchloop/gemma4-harness-optimized/iteration-02/gemma-4-E2B-it-qat-UD-Q4_K_XL/analysis.json,gemma-4-E2B-it-qat-UD-Q4_K_XL-harness-iter02,iteration-02,ollama,,http://127.0.0.1:8092,Apple M1 Pro,25,Apple M1 Pro 32GB unified memory,true,remote:127.0.0.1,remote,127.0.0.1,0,gemma-4-E2B-it-qat-UD-Q4_K_XL,,gemma-4-E2B-it-qat-UD-Q4_K_XL-harness-iter02,,,results/benchloop/gemma4-harness-optimized/iteration-02/gemma-4-E2B-it-qat-UD-Q4_K_XL/policy.json,1,64,0.95,0,2862.742430553125,0,2,0,6,90.62,8,12,5034.448708494892,0,0,12,9,3767.2993329761084,6,69.42,15,8,980.7887499919161,7,64.45,15,13,5243.08466698858,2,13.33,15,0,3126.1953329958487,9,70.62,9,0,466.5363329986576,15,100,15
gemma4_harness_optimized_17x,2,gemma-4-E4B-it-qat-UD-Q4_K_XL,2026-06-06T15:20:02.197953+00:00-gemma-4-E4B-it-qat-UD-Q4_K_XL-harness-iter02,results/benchloop/gemma4-harness-optimized/iteration-02/gemma-4-E4B-it-qat-UD-Q4_K_XL/run.json,0.1.0,2026-06-06T15:20:02.197953+00:00,openai_compat,raw,v1,iter-02,enforce_sampler;cap_max_tokens_by_task;strip_reasoning;strip_markdown_fences;extract_python_code,537.4944737500045,60.27157490636705,60.623333333333335,61.61,58.42696629213483,10.231269619344575,28.885266614413947,"{""tool_partial_batch"":1,""format_cleanup"":11,""semantic_extraction"":9,""numeric_string"":1,""format_or_instruction"":7,""semantic_math"":9,""answer_line"":3,""speed_measurement"":9}",results/benchloop/gemma4-harness-optimized/iteration-02/gemma-4-E4B-it-qat-UD-Q4_K_XL/analysis.json,gemma-4-E4B-it-qat-UD-Q4_K_XL-harness-iter02,iteration-02,ollama,,http://127.0.0.1:8092,Apple M1 Pro,25,Apple M1 Pro 32GB unified memory,true,remote:127.0.0.1,remote,127.0.0.1,0,gemma-4-E4B-it-qat-UD-Q4_K_XL,,gemma-4-E4B-it-qat-UD-Q4_K_XL-harness-iter02,,,results/benchloop/gemma4-harness-optimized/iteration-02/gemma-4-E4B-it-qat-UD-Q4_K_XL/policy.json,1,64,0.95,0,4842.612527889691,0,1,0,7,96.88,8,11,8428.271562501322,1,8.33,12,6,5838.881458010292,9,72.98,15,7,1821.8084589752834,8,65.55,15,12,8842.237624980044,3,20,15,0,5192.790208995575,9,61.61,9,0,1125.5213330150582,15,100,15
gemma4_harness_optimized_17x,3,gemma-4-E2B-it-qat-UD-Q4_K_XL,2026-06-06T15:32:11.135750+00:00-gemma-4-E2B-it-qat-UD-Q4_K_XL-harness-iter03,results/benchloop/gemma4-harness-optimized/iteration-03/gemma-4-E2B-it-qat-UD-Q4_K_XL/run.json,0.1.0,2026-06-06T15:32:11.135750+00:00,openai_compat,raw,v1,iter-03,enforce_sampler;cap_max_tokens_by_task;strip_reasoning;strip_markdown_fences;extract_python_code;repair_json,388.33531441699597,70.97955149812735,73.59166666666667,71.06,65.1685393258427,23.417980383657778,48.829560150071856,"{""tool_partial_batch"":2,""coding_semantic"":9,""semantic_extraction"":10,""format_or_instruction"":8,""semantic_math"":5,""answer_line"":1,""speed_measurement"":9}",results/benchloop/gemma4-harness-optimized/iteration-03/gemma-4-E2B-it-qat-UD-Q4_K_XL/analysis.json,gemma-4-E2B-it-qat-UD-Q4_K_XL-harness-iter03,iteration-03,ollama,,http://127.0.0.1:8092,Apple M1 Pro,25,Apple M1 Pro 32GB unified memory,true,remote:127.0.0.1,remote,127.0.0.1,0,gemma-4-E2B-it-qat-UD-Q4_K_XL,,gemma-4-E2B-it-qat-UD-Q4_K_XL-harness-iter03,,,results/benchloop/gemma4-harness-optimized/iteration-03/gemma-4-E2B-it-qat-UD-Q4_K_XL/policy.json,1,64,0.95,0,2885.6138703316296,0,2,0,6,93.75,8,9,4959.716500001377,3,43.75,12,6,3723.0988329974934,9,79.6,15,8,1021.0829580028076,7,64.45,15,6,9069.935958017595,9,60,15,0,3095.286000025226,9,71.06,9,0,801.8089999968652,15,100,15
gemma4_harness_optimized_17x,3,gemma-4-E4B-it-qat-UD-Q4_K_XL,2026-06-06T15:38:43.010280+00:00-gemma-4-E4B-it-qat-UD-Q4_K_XL-harness-iter03,results/benchloop/gemma4-harness-optimized/iteration-03/gemma-4-E4B-it-qat-UD-Q4_K_XL/run.json,0.1.0,2026-06-06T15:38:43.010280+00:00,openai_compat,raw,v1,iter-03,enforce_sampler;cap_max_tokens_by_task;strip_reasoning;strip_markdown_fences;extract_python_code;repair_json,585.9911127499945,70.27618258426966,74.855,61.26,67.41573033707866,14.344043856184626,28.42428479951087,"{""tool_partial_batch"":1,""coding_semantic"":8,""format_cleanup"":1,""semantic_extraction"":9,""format_or_instruction"":9,""semantic_math"":5,""answer_line"":1,""speed_measurement"":9}",results/benchloop/gemma4-harness-optimized/iteration-03/gemma-4-E4B-it-qat-UD-Q4_K_XL/analysis.json,gemma-4-E4B-it-qat-UD-Q4_K_XL-harness-iter03,iteration-03,ollama,,http://127.0.0.1:8092,Apple M1 Pro,25,Apple M1 Pro 32GB unified memory,true,remote:127.0.0.1,remote,127.0.0.1,0,gemma-4-E4B-it-qat-UD-Q4_K_XL,,gemma-4-E4B-it-qat-UD-Q4_K_XL-harness-iter03,,,results/benchloop/gemma4-harness-optimized/iteration-03/gemma-4-E4B-it-qat-UD-Q4_K_XL/policy.json,1,64,0.95,0,4799.819629448595,0,1,0,7,96.88,8,9,8374.028687001555,3,41.67,12,4,6104.958499985514,11,89.47,15,9,1726.6237919975538,6,61.11,15,6,10427.256583003327,9,60,15,0,5272.971749975113,9,61.26,9,0,923.5132919857278,15,100,15
gemma4_harness_optimized_17x,4,gemma-4-E2B-it-qat-UD-Q4_K_XL,2026-06-06T15:48:32.315772+00:00-gemma-4-E2B-it-qat-UD-Q4_K_XL-harness-iter04,results/benchloop/gemma4-harness-optimized/iteration-04/gemma-4-E2B-it-qat-UD-Q4_K_XL/run.json,0.1.0,2026-06-06T15:48:32.315772+00:00,openai_compat,raw,v1,iter-04,enforce_sampler;cap_max_tokens_by_task;strip_reasoning;strip_markdown_fences;extract_python_code;repair_json;parse_escaped_json,395.70692154197604,68.7644382022472,71.10000000000001,71.05,61.79775280898876,21.438975735999062,48.793475016082766,"{""tool_partial_batch"":2,""coding_semantic"":9,""semantic_extraction"":10,""format_or_instruction"":8,""semantic_math"":6,""answer_line"":2,""speed_measurement"":9}",results/benchloop/gemma4-harness-optimized/iteration-04/gemma-4-E2B-it-qat-UD-Q4_K_XL/analysis.json,gemma-4-E2B-it-qat-UD-Q4_K_XL-harness-iter04,iteration-04,ollama,,http://127.0.0.1:8092,Apple M1 Pro,25,Apple M1 Pro 32GB unified memory,true,remote:127.0.0.1,remote,127.0.0.1,0,gemma-4-E2B-it-qat-UD-Q4_K_XL,,gemma-4-E2B-it-qat-UD-Q4_K_XL-harness-iter04,,,results/benchloop/gemma4-harness-optimized/iteration-04/gemma-4-E2B-it-qat-UD-Q4_K_XL/policy.json,1,64,0.95,0,2839.17892600746,0,2,0,6,93.75,8,9,4958.34968748386,3,43.75,12,7,4019.848042022204,8,77.98,15,8,1005.4168339993339,7,64.45,15,8,9818.734708009288,7,46.67,15,0,3129.9865420151036,9,71.05,9,0,700.9208340023179,15,100,15
gemma4_harness_optimized_17x,4,gemma-4-E4B-it-qat-UD-Q4_K_XL,2026-06-06T15:55:11.566635+00:00-gemma-4-E4B-it-qat-UD-Q4_K_XL-harness-iter04,results/benchloop/gemma4-harness-optimized/iteration-04/gemma-4-E4B-it-qat-UD-Q4_K_XL/run.json,0.1.0,2026-06-06T15:55:11.566635+00:00,openai_compat,raw,v1,iter-04,enforce_sampler;cap_max_tokens_by_task;strip_reasoning;strip_markdown_fences;extract_python_code;repair_json;parse_escaped_json,585.6226466660155,72.93227808988765,77.605,61.36,71.91011235955057,15.97688521381993,28.62941305388614,"{""tool_partial_batch"":1,""coding_semantic"":6,""format_cleanup"":1,""semantic_extraction"":9,""format_or_instruction"":7,""semantic_math"":5,""answer_line"":1,""speed_measurement"":9,""tool_missing"":1}",results/benchloop/gemma4-harness-optimized/iteration-04/gemma-4-E4B-it-qat-UD-Q4_K_XL/analysis.json,gemma-4-E4B-it-qat-UD-Q4_K_XL-harness-iter04,iteration-04,ollama,,http://127.0.0.1:8092,Apple M1 Pro,25,Apple M1 Pro 32GB unified memory,true,remote:127.0.0.1,remote,127.0.0.1,0,gemma-4-E4B-it-qat-UD-Q4_K_XL,,gemma-4-E4B-it-qat-UD-Q4_K_XL-harness-iter04,,,results/benchloop/gemma4-harness-optimized/iteration-04/gemma-4-E4B-it-qat-UD-Q4_K_XL/policy.json,1,64,0.95,0,4773.798902780982,0,1,0,7,96.88,8,7,8342.809541500174,5,54.17,12,3,5778.1297909969,12,89.58,15,7,1619.156834000023,8,70,15,6,11963.815374998376,9,60,15,0,5211.634208011674,9,61.36,9,1,865.5651250155643,14,95,15
gemma4_harness_optimized_17x,5,gemma-4-E2B-it-qat-UD-Q4_K_XL,2026-06-06T16:05:00.681982+00:00-gemma-4-E2B-it-qat-UD-Q4_K_XL-harness-iter05,results/benchloop/gemma4-harness-optimized/iteration-05/gemma-4-E2B-it-qat-UD-Q4_K_XL/run.json,0.1.0,2026-06-06T16:05:00.681982+00:00,openai_compat,raw,v1,iter-05,enforce_sampler;cap_max_tokens_by_task;strip_reasoning;strip_markdown_fences;extract_python_code;repair_json;parse_escaped_json;coerce_numeric_json_values,385.63613045800594,70.05750374531836,72.97666666666667,70.95,62.92134831460674,22.218607865972544,48.387680180020595,"{""tool_partial_batch"":1,""format_cleanup"":1,""coding_semantic"":6,""semantic_extraction"":11,""format_or_instruction"":9,""semantic_math"":5,""answer_line"":2,""speed_measurement"":9,""tool_missing"":1}",results/benchloop/gemma4-harness-optimized/iteration-05/gemma-4-E2B-it-qat-UD-Q4_K_XL/analysis.json,gemma-4-E2B-it-qat-UD-Q4_K_XL-harness-iter05,iteration-05,ollama,,http://127.0.0.1:8092,Apple M1 Pro,25,Apple M1 Pro 32GB unified memory,true,remote:127.0.0.1,remote,127.0.0.1,0,gemma-4-E2B-it-qat-UD-Q4_K_XL,,gemma-4-E2B-it-qat-UD-Q4_K_XL-harness-iter05,,,results/benchloop/gemma4-harness-optimized/iteration-05/gemma-4-E2B-it-qat-UD-Q4_K_XL/policy.json,1,64,0.95,0,2812.806560221361,0,1,0,7,96.88,8,7,4920.262354484294,5,54.17,12,8,3677.282666991232,7,77.37,15,9,992.4576669873204,6,61.11,15,7,9481.927749991883,8,53.33,15,0,3129.0509589889552,9,70.95,9,1,489.1513749898877,14,95,15
gemma4_harness_optimized_17x,5,gemma-4-E4B-it-qat-UD-Q4_K_XL,2026-06-06T16:11:29.837555+00:00-gemma-4-E4B-it-qat-UD-Q4_K_XL-harness-iter05,results/benchloop/gemma4-harness-optimized/iteration-05/gemma-4-E4B-it-qat-UD-Q4_K_XL/run.json,0.1.0,2026-06-06T16:11:29.837555+00:00,openai_compat,raw,v1,iter-05,enforce_sampler;cap_max_tokens_by_task;strip_reasoning;strip_markdown_fences;extract_python_code;repair_json;parse_escaped_json;coerce_numeric_json_values,599.8031522080128,70.289765917603,74.76333333333334,61.58,67.41573033707866,14.549701930457639,28.86716910719893,"{""tool_partial_batch"":2,""coding_semantic"":8,""semantic_extraction"":10,""format_or_instruction"":8,""semantic_math"":5,""answer_line"":1,""speed_measurement"":9}",results/benchloop/gemma4-harness-optimized/iteration-05/gemma-4-E4B-it-qat-UD-Q4_K_XL/analysis.json,gemma-4-E4B-it-qat-UD-Q4_K_XL-harness-iter05,iteration-05,ollama,,http://127.0.0.1:8092,Apple M1 Pro,25,Apple M1 Pro 32GB unified memory,true,remote:127.0.0.1,remote,127.0.0.1,0,gemma-4-E4B-it-qat-UD-Q4_K_XL,,gemma-4-E4B-it-qat-UD-Q4_K_XL-harness-iter05,,,results/benchloop/gemma4-harness-optimized/iteration-05/gemma-4-E4B-it-qat-UD-Q4_K_XL/policy.json,1,64,0.95,0,4745.13471311204,0,2,0,6,90.62,8,8,8375.862229499035,4,50,12,5,6117.819125007372,10,84.63,15,8,1743.1219579884782,7,63.33,15,6,11850.142083974788,9,60,15,0,5217.429625015939,9,61.58,9,0,877.1453329827636,15,100,15
gemma4_harness_optimized_17x,6,gemma-4-E2B-it-qat-UD-Q4_K_XL,2026-06-06T16:21:32.946238+00:00-gemma-4-E2B-it-qat-UD-Q4_K_XL-harness-iter06,results/benchloop/gemma4-harness-optimized/iteration-06/gemma-4-E2B-it-qat-UD-Q4_K_XL/run.json,0.1.0,2026-06-06T16:21:32.946238+00:00,openai_compat,raw,v1,iter-06,enforce_sampler;cap_max_tokens_by_task;strip_reasoning;strip_markdown_fences;extract_python_code;repair_json;parse_escaped_json;coerce_numeric_json_values;parse_tagged_tool_calls,378.6543152919912,72.56128370786517,75.975,71.01,66.29213483146067,24.51020153456951,48.66471322695772,"{""tool_partial_batch"":1,""coding_semantic"":6,""semantic_extraction"":11,""format_or_instruction"":7,""semantic_math"":6,""answer_line"":2,""speed_measurement"":9}",results/benchloop/gemma4-harness-optimized/iteration-06/gemma-4-E2B-it-qat-UD-Q4_K_XL/analysis.json,gemma-4-E2B-it-qat-UD-Q4_K_XL-harness-iter06,iteration-06,ollama,,http://127.0.0.1:8092,Apple M1 Pro,25,Apple M1 Pro 32GB unified memory,true,remote:127.0.0.1,remote,127.0.0.1,0,gemma-4-E2B-it-qat-UD-Q4_K_XL,,gemma-4-E2B-it-qat-UD-Q4_K_XL-harness-iter06,,,results/benchloop/gemma4-harness-optimized/iteration-06/gemma-4-E2B-it-qat-UD-Q4_K_XL/policy.json,1,64,0.95,0,2753.00755089524,0,1,0,7,96.88,8,6,4950.483916996745,6,62.5,12,8,3680.167458980577,7,79.47,15,7,934.653791016899,8,66.67,15,8,8737.394166993909,7,50.33,15,0,3031.3550000137184,9,71.01,9,0,770.6868330133148,15,100,15
gemma4_harness_optimized_17x,6,gemma-4-E4B-it-qat-UD-Q4_K_XL,2026-06-06T16:27:55.143600+00:00-gemma-4-E4B-it-qat-UD-Q4_K_XL-harness-iter06,results/benchloop/gemma4-harness-optimized/iteration-06/gemma-4-E4B-it-qat-UD-Q4_K_XL/run.json,0.1.0,2026-06-06T16:27:55.143600+00:00,openai_compat,raw,v1,iter-06,enforce_sampler;cap_max_tokens_by_task;strip_reasoning;strip_markdown_fences;extract_python_code;repair_json;parse_escaped_json;coerce_numeric_json_values;parse_tagged_tool_calls,619.7553566659917,72.59119475655432,76.88666666666667,61.63,71.91011235955057,16.023419989716828,28.981056650307764,"{""tool_partial_batch"":2,""format_cleanup"":1,""coding_semantic"":6,""semantic_extraction"":9,""format_or_instruction"":7,""semantic_math"":5,""answer_line"":1,""speed_measurement"":9}",results/benchloop/gemma4-harness-optimized/iteration-06/gemma-4-E4B-it-qat-UD-Q4_K_XL/analysis.json,gemma-4-E4B-it-qat-UD-Q4_K_XL-harness-iter06,iteration-06,ollama,,http://127.0.0.1:8092,Apple M1 Pro,25,Apple M1 Pro 32GB unified memory,true,remote:127.0.0.1,remote,127.0.0.1,0,gemma-4-E4B-it-qat-UD-Q4_K_XL,,gemma-4-E4B-it-qat-UD-Q4_K_XL-harness-iter06,,,results/benchloop/gemma4-harness-optimized/iteration-06/gemma-4-E4B-it-qat-UD-Q4_K_XL/policy.json,1,64,0.95,0,4789.819490778933,0,2,0,6,90.62,8,7,8364.801770978374,5,54.17,12,3,6088.20412500063,12,88.75,15,7,1713.701000000583,8,67.78,15,6,12378.702624992002,9,60,15,0,5228.137083002366,9,61.63,9,0,957.8443329955917,15,100,15
gemma4_harness_optimized_17x,7,gemma-4-E2B-it-qat-UD-Q4_K_XL,2026-06-06T16:38:18.190327+00:00-gemma-4-E2B-it-qat-UD-Q4_K_XL-harness-iter07,results/benchloop/gemma4-harness-optimized/iteration-07/gemma-4-E2B-it-qat-UD-Q4_K_XL/run.json,0.1.0,2026-06-06T16:38:18.190327+00:00,openai_compat,raw,v1,iter-07,enforce_sampler;cap_max_tokens_by_task;strip_reasoning;strip_markdown_fences;extract_python_code;repair_json;parse_escaped_json;coerce_numeric_json_values;parse_tagged_tool_calls;parse_json_tool_calls,377.951459666976,68.95285486891386,71.35166666666667,71.3,61.79775280898876,21.784608195510092,49.4052326245905,"{""tool_partial_batch"":3,""coding_semantic"":7,""format_cleanup"":2,""semantic_extraction"":11,""format_or_instruction"":9,""semantic_math"":6,""answer_line"":1,""speed_measurement"":9}",results/benchloop/gemma4-harness-optimized/iteration-07/gemma-4-E2B-it-qat-UD-Q4_K_XL/analysis.json,gemma-4-E2B-it-qat-UD-Q4_K_XL-harness-iter07,iteration-07,ollama,,http://127.0.0.1:8092,Apple M1 Pro,25,Apple M1 Pro 32GB unified memory,true,remote:127.0.0.1,remote,127.0.0.1,0,gemma-4-E2B-it-qat-UD-Q4_K_XL,,gemma-4-E2B-it-qat-UD-Q4_K_XL-harness-iter07,,,results/benchloop/gemma4-harness-optimized/iteration-07/gemma-4-E2B-it-qat-UD-Q4_K_XL/policy.json,1,64,0.95,0,2870.346000004146,0,2,0,6,90.62,8,9,4959.4392709987005,3,39.58,12,7,3709.4883329991717,8,78.68,15,9,986.2022080051247,6,62.23,15,7,9061.430708999978,8,57,15,0,3076.2052499921992,9,71.3,9,0,510.11862501036376,15,100,15
gemma4_harness_optimized_17x,7,gemma-4-E4B-it-qat-UD-Q4_K_XL,2026-06-06T16:44:39.685606+00:00-gemma-4-E4B-it-qat-UD-Q4_K_XL-harness-iter07,results/benchloop/gemma4-harness-optimized/iteration-07/gemma-4-E4B-it-qat-UD-Q4_K_XL/run.json,0.1.0,2026-06-06T16:44:39.685606+00:00,openai_compat,raw,v1,iter-07,enforce_sampler;cap_max_tokens_by_task;strip_reasoning;strip_markdown_fences;extract_python_code;repair_json;parse_escaped_json;coerce_numeric_json_values;parse_tagged_tool_calls;parse_json_tool_calls,586.6157064579893,70.35368258426966,74.90499999999999,61.51,67.41573033707866,14.514391313168518,28.74264795122707,"{""tool_partial_batch"":1,""coding_semantic"":6,""format_cleanup"":2,""semantic_extraction"":9,""format_or_instruction"":6,""semantic_math"":5,""answer_line"":1,""speed_measurement"":9,""tool_missing"":1}",results/benchloop/gemma4-harness-optimized/iteration-07/gemma-4-E4B-it-qat-UD-Q4_K_XL/analysis.json,gemma-4-E4B-it-qat-UD-Q4_K_XL-harness-iter07,iteration-07,ollama,,http://127.0.0.1:8092,Apple M1 Pro,25,Apple M1 Pro 32GB unified memory,true,remote:127.0.0.1,remote,127.0.0.1,0,gemma-4-E4B-it-qat-UD-Q4_K_XL,,gemma-4-E4B-it-qat-UD-Q4_K_XL-harness-iter07,,,results/benchloop/gemma4-harness-optimized/iteration-07/gemma-4-E4B-it-qat-UD-Q4_K_XL/policy.json,1,64,0.95,0,4809.826967772096,0,1,0,7,96.88,8,8,8346.726125004352,4,45.83,12,7,6055.218124995008,8,82.83,15,6,1759.4082920113578,9,68.89,15,6,11504.513916006545,9,60,15,0,5220.440916978987,9,61.51,9,1,881.1471670051105,14,95,15
gemma4_harness_optimized_17x,8,gemma-4-E2B-it-qat-UD-Q4_K_XL,2026-06-06T16:54:29.647458+00:00-gemma-4-E2B-it-qat-UD-Q4_K_XL-harness-iter08,results/benchloop/gemma4-harness-optimized/iteration-08/gemma-4-E2B-it-qat-UD-Q4_K_XL/run.json,0.1.0,2026-06-06T16:54:29.647458+00:00,openai_compat,raw,v1,iter-08,enforce_sampler;cap_max_tokens_by_task;strip_reasoning;strip_markdown_fences;extract_python_code;repair_json;parse_escaped_json;coerce_numeric_json_values;parse_tagged_tool_calls;parse_json_tool_calls;parse_function_syntax,383.0793211669952,67.76664044943821,70.34,70.96,59.55056179775281,20.330344127439773,48.535164171386945,"{""tool_partial_batch"":2,""coding_semantic"":8,""format_cleanup"":1,""semantic_extraction"":11,""numeric_string"":1,""format_or_instruction"":9,""semantic_math"":6,""answer_line"":1,""speed_measurement"":9}",results/benchloop/gemma4-harness-optimized/iteration-08/gemma-4-E2B-it-qat-UD-Q4_K_XL/analysis.json,gemma-4-E2B-it-qat-UD-Q4_K_XL-harness-iter08,iteration-08,ollama,,http://127.0.0.1:8092,Apple M1 Pro,25,Apple M1 Pro 32GB unified memory,true,remote:127.0.0.1,remote,127.0.0.1,0,gemma-4-E2B-it-qat-UD-Q4_K_XL,,gemma-4-E2B-it-qat-UD-Q4_K_XL-harness-iter08,,,results/benchloop/gemma4-harness-optimized/iteration-08/gemma-4-E2B-it-qat-UD-Q4_K_XL/policy.json,1,64,0.95,0,2815.201504783343,0,2,0,6,93.75,8,9,4931.002312005148,3,41.67,12,9,3915.9660000004806,6,69.95,15,9,988.921542011667,6,63.34,15,7,9374.700374988606,8,53.33,15,0,3114.6500000031665,9,70.96,9,0,518.2191249914467,15,100,15
gemma4_harness_optimized_17x,8,gemma-4-E4B-it-qat-UD-Q4_K_XL,2026-06-06T17:00:56.259150+00:00-gemma-4-E4B-it-qat-UD-Q4_K_XL-harness-iter08,results/benchloop/gemma4-harness-optimized/iteration-08/gemma-4-E4B-it-qat-UD-Q4_K_XL/run.json,0.1.0,2026-06-06T17:00:56.259150+00:00,openai_compat,raw,v1,iter-08,enforce_sampler;cap_max_tokens_by_task;strip_reasoning;strip_markdown_fences;extract_python_code;repair_json;parse_escaped_json;coerce_numeric_json_values;parse_tagged_tool_calls;parse_json_tool_calls;parse_function_syntax,624.3884922089928,71.37173033707866,75.72,61.55,69.66292134831461,15.21844293518255,28.85080477376853,"{""tool_partial_batch"":4,""coding_semantic"":7,""semantic_extraction"":10,""format_or_instruction"":6,""semantic_math"":5,""answer_line"":1,""speed_measurement"":9,""tool_missing"":1}",results/benchloop/gemma4-harness-optimized/iteration-08/gemma-4-E4B-it-qat-UD-Q4_K_XL/analysis.json,gemma-4-E4B-it-qat-UD-Q4_K_XL-harness-iter08,iteration-08,ollama,,http://127.0.0.1:8092,Apple M1 Pro,25,Apple M1 Pro 32GB unified memory,true,remote:127.0.0.1,remote,127.0.0.1,0,gemma-4-E4B-it-qat-UD-Q4_K_XL,,gemma-4-E4B-it-qat-UD-Q4_K_XL-harness-iter08,,,results/benchloop/gemma4-harness-optimized/iteration-08/gemma-4-E4B-it-qat-UD-Q4_K_XL/policy.json,1,64,0.95,0,4728.643208447869,0,2,0,6,87.5,8,7,8345.745604019612,5,56.25,12,5,6550.633500010008,10,86.68,15,6,1670.1472499989904,9,68.89,15,6,11611.288417014293,9,60,15,0,5149.692500010133,9,61.55,9,1,873.3980839897413,14,95,15
gemma4_harness_optimized_17x,9,gemma-4-E2B-it-qat-UD-Q4_K_XL,2026-06-06T17:11:23.960852+00:00-gemma-4-E2B-it-qat-UD-Q4_K_XL-harness-iter09,results/benchloop/gemma4-harness-optimized/iteration-09/gemma-4-E2B-it-qat-UD-Q4_K_XL/run.json,0.1.0,2026-06-06T17:11:23.960852+00:00,openai_compat,raw,v1,iter-09,enforce_sampler;cap_max_tokens_by_task;strip_reasoning;strip_markdown_fences;extract_python_code;repair_json;parse_escaped_json;coerce_numeric_json_values;parse_tagged_tool_calls;parse_json_tool_calls;parse_function_syntax;normalize_tool_args,378.9227182919858,70.28831928838952,72.79833333333333,71.19,64.04494382022472,22.92409742265939,49.168386846544,"{""tool_partial_batch"":1,""coding_semantic"":8,""format_cleanup"":1,""semantic_extraction"":12,""format_or_instruction"":9,""semantic_math"":5,""answer_line"":1,""speed_measurement"":9}",results/benchloop/gemma4-harness-optimized/iteration-09/gemma-4-E2B-it-qat-UD-Q4_K_XL/analysis.json,gemma-4-E2B-it-qat-UD-Q4_K_XL-harness-iter09,iteration-09,ollama,,http://127.0.0.1:8092,Apple M1 Pro,25,Apple M1 Pro 32GB unified memory,true,remote:127.0.0.1,remote,127.0.0.1,0,gemma-4-E2B-it-qat-UD-Q4_K_XL,,gemma-4-E2B-it-qat-UD-Q4_K_XL-harness-iter09,,,results/benchloop/gemma4-harness-optimized/iteration-09/gemma-4-E2B-it-qat-UD-Q4_K_XL/policy.json,1,64,0.95,0,2908.8581665516053,0,1,0,7,93.75,8,9,4916.046083497349,3,41.67,12,7,3941.7242920026183,8,81.37,15,9,953.3725829969626,6,60,15,6,9416.15649999585,9,60,15,0,3096.537083009025,9,71.19,9,0,523.7482500087935,15,100,15
gemma4_harness_optimized_17x,9,gemma-4-E4B-it-qat-UD-Q4_K_XL,2026-06-06T17:17:46.405031+00:00-gemma-4-E4B-it-qat-UD-Q4_K_XL-harness-iter09,results/benchloop/gemma4-harness-optimized/iteration-09/gemma-4-E4B-it-qat-UD-Q4_K_XL/run.json,0.1.0,2026-06-06T17:17:46.405031+00:00,openai_compat,raw,v1,iter-09,enforce_sampler;cap_max_tokens_by_task;strip_reasoning;strip_markdown_fences;extract_python_code;repair_json;parse_escaped_json;coerce_numeric_json_values;parse_tagged_tool_calls;parse_json_tool_calls;parse_function_syntax;normalize_tool_args,573.665676582983,71.80748033707866,76.545,61.46,69.66292134831461,15.350657662896396,28.787799965817687,"{""tool_partial_batch"":1,""coding_semantic"":7,""format_cleanup"":1,""semantic_extraction"":10,""format_or_instruction"":7,""semantic_math"":5,""answer_line"":1,""speed_measurement"":9}",results/benchloop/gemma4-harness-optimized/iteration-09/gemma-4-E4B-it-qat-UD-Q4_K_XL/analysis.json,gemma-4-E4B-it-qat-UD-Q4_K_XL-harness-iter09,iteration-09,ollama,,http://127.0.0.1:8092,Apple M1 Pro,25,Apple M1 Pro 32GB unified memory,true,remote:127.0.0.1,remote,127.0.0.1,0,gemma-4-E4B-it-qat-UD-Q4_K_XL,,gemma-4-E4B-it-qat-UD-Q4_K_XL-harness-iter09,,,results/benchloop/gemma4-harness-optimized/iteration-09/gemma-4-E4B-it-qat-UD-Q4_K_XL/policy.json,1,64,0.95,0,4772.935824109784,0,1,0,7,96.88,8,8,8330.461145495065,4,47.92,12,5,6046.389916999033,10,87.8,15,7,1733.331208000891,8,66.67,15,6,11645.630166021874,9,60,15,0,5196.504249994177,9,61.46,9,0,892.3926250135992,15,100,15
gemma4_harness_optimized_17x,10,gemma-4-E2B-it-qat-UD-Q4_K_XL,2026-06-06T17:27:23.368371+00:00-gemma-4-E2B-it-qat-UD-Q4_K_XL-harness-iter10,results/benchloop/gemma4-harness-optimized/iteration-10/gemma-4-E2B-it-qat-UD-Q4_K_XL/run.json,0.1.0,2026-06-06T17:27:23.368371+00:00,openai_compat,raw,v1,iter-10,enforce_sampler;cap_max_tokens_by_task;strip_reasoning;strip_markdown_fences;extract_python_code;repair_json;parse_escaped_json;coerce_numeric_json_values;parse_tagged_tool_calls;parse_json_tool_calls;parse_function_syntax;normalize_tool_args;dedupe_tool_calls,380.48332041699905,68.78527153558053,71.16333333333334,70.98,61.79775280898876,21.346889899824628,48.540656392278756,"{""tool_partial_batch"":2,""coding_semantic"":8,""format_cleanup"":1,""semantic_extraction"":12,""numeric_string"":1,""format_or_instruction"":8,""semantic_math"":6,""answer_line"":2,""speed_measurement"":9}",results/benchloop/gemma4-harness-optimized/iteration-10/gemma-4-E2B-it-qat-UD-Q4_K_XL/analysis.json,gemma-4-E2B-it-qat-UD-Q4_K_XL-harness-iter10,iteration-10,ollama,,http://127.0.0.1:8092,Apple M1 Pro,25,Apple M1 Pro 32GB unified memory,true,remote:127.0.0.1,remote,127.0.0.1,0,gemma-4-E2B-it-qat-UD-Q4_K_XL,,gemma-4-E2B-it-qat-UD-Q4_K_XL-harness-iter10,,,results/benchloop/gemma4-harness-optimized/iteration-10/gemma-4-E2B-it-qat-UD-Q4_K_XL/policy.json,1,64,0.95,0,2796.726402774867,0,2,0,6,93.75,8,9,4939.363229001174,3,41.67,12,7,3528.6000829946715,8,76.78,15,8,993.1534589850344,7,64.45,15,8,8947.848000010708,7,50.33,15,0,3069.530750013655,9,70.98,9,0,534.6986250078771,15,100,15
gemma4_harness_optimized_17x,10,gemma-4-E4B-it-qat-UD-Q4_K_XL,2026-06-06T17:33:47.369611+00:00-gemma-4-E4B-it-qat-UD-Q4_K_XL-harness-iter10,results/benchloop/gemma4-harness-optimized/iteration-10/gemma-4-E4B-it-qat-UD-Q4_K_XL/run.json,0.1.0,2026-06-06T17:33:47.369611+00:00,openai_compat,raw,v1,iter-10,enforce_sampler;cap_max_tokens_by_task;strip_reasoning;strip_markdown_fences;extract_python_code;repair_json;parse_escaped_json;coerce_numeric_json_values;parse_tagged_tool_calls;parse_json_tool_calls;parse_function_syntax;normalize_tool_args;dedupe_tool_calls,603.6610651670198,70.10493258426968,74.5,61.38,67.41573033707866,14.385493708770506,28.642258167350665,"{""tool_partial_batch"":1,""coding_semantic"":8,""format_cleanup"":2,""semantic_extraction"":9,""format_or_instruction"":7,""semantic_math"":4,""answer_line"":1,""speed_measurement"":9,""tool_missing"":1}",results/benchloop/gemma4-harness-optimized/iteration-10/gemma-4-E4B-it-qat-UD-Q4_K_XL/analysis.json,gemma-4-E4B-it-qat-UD-Q4_K_XL-harness-iter10,iteration-10,ollama,,http://127.0.0.1:8092,Apple M1 Pro,25,Apple M1 Pro 32GB unified memory,true,remote:127.0.0.1,remote,127.0.0.1,0,gemma-4-E4B-it-qat-UD-Q4_K_XL,,gemma-4-E4B-it-qat-UD-Q4_K_XL-harness-iter10,,,results/benchloop/gemma4-harness-optimized/iteration-10/gemma-4-E4B-it-qat-UD-Q4_K_XL/policy.json,1,64,0.95,0,4762.207796105132,0,1,0,7,96.88,8,10,8317.664166999748,2,33.33,12,5,6126.13970899838,10,85.12,15,7,1802.0742500084452,8,70,15,5,10957.119833008619,10,66.67,15,0,5210.411332984222,9,61.38,9,1,1223.5892910102848,14,95,15
gemma4_harness_optimized_17x,11,gemma-4-E2B-it-qat-UD-Q4_K_XL,2026-06-06T17:43:54.320051+00:00-gemma-4-E2B-it-qat-UD-Q4_K_XL-harness-iter11,results/benchloop/gemma4-harness-optimized/iteration-11/gemma-4-E2B-it-qat-UD-Q4_K_XL/run.json,0.1.0,2026-06-06T17:43:54.320051+00:00,openai_compat,raw,v1,iter-11,enforce_sampler;cap_max_tokens_by_task;strip_reasoning;strip_markdown_fences;extract_python_code;repair_json;parse_escaped_json;coerce_numeric_json_values;parse_tagged_tool_calls;parse_json_tool_calls;parse_function_syntax;normalize_tool_args;dedupe_tool_calls;direct_answer_guard,381.3510457910015,71.62865262172285,75.31166666666667,70.98,64.04494382022472,23.432313664143756,48.58118057030362,"{""tool_partial_batch"":3,""coding_semantic"":6,""format_cleanup"":1,""semantic_extraction"":11,""format_or_instruction"":7,""semantic_math"":5,""answer_line"":1,""speed_measurement"":9}",results/benchloop/gemma4-harness-optimized/iteration-11/gemma-4-E2B-it-qat-UD-Q4_K_XL/analysis.json,gemma-4-E2B-it-qat-UD-Q4_K_XL-harness-iter11,iteration-11,ollama,,http://127.0.0.1:8092,Apple M1 Pro,25,Apple M1 Pro 32GB unified memory,true,remote:127.0.0.1,remote,127.0.0.1,0,gemma-4-E2B-it-qat-UD-Q4_K_XL,,gemma-4-E2B-it-qat-UD-Q4_K_XL-harness-iter11,,,results/benchloop/gemma4-harness-optimized/iteration-11/gemma-4-E2B-it-qat-UD-Q4_K_XL/policy.json,1,64,0.95,0,2801.7772594466805,0,3,0,5,90.62,8,7,4909.446166493581,5,54.17,12,9,3388.357999996515,6,79.3,15,7,960.4677500028629,8,67.78,15,6,9078.732041991316,9,60,15,0,3100.612749985885,9,70.98,9,0,525.3156249818858,15,100,15
gemma4_harness_optimized_17x,11,gemma-4-E4B-it-qat-UD-Q4_K_XL,2026-06-06T17:50:19.244788+00:00-gemma-4-E4B-it-qat-UD-Q4_K_XL-harness-iter11,results/benchloop/gemma4-harness-optimized/iteration-11/gemma-4-E4B-it-qat-UD-Q4_K_XL/run.json,0.1.0,2026-06-06T17:50:19.244788+00:00,openai_compat,raw,v1,iter-11,enforce_sampler;cap_max_tokens_by_task;strip_reasoning;strip_markdown_fences;extract_python_code;repair_json;parse_escaped_json;coerce_numeric_json_values;parse_tagged_tool_calls;parse_json_tool_calls;parse_function_syntax;normalize_tool_args;dedupe_tool_calls;direct_answer_guard,618.1331450829748,68.78928370786517,72.575,61.5,66.29213483146067,13.862507948517099,28.813283918284924,"{""tool_partial_batch"":2,""coding_semantic"":8,""format_cleanup"":1,""semantic_extraction"":11,""format_or_instruction"":9,""semantic_math"":5,""answer_line"":1,""speed_measurement"":9,""tool_missing"":1}",results/benchloop/gemma4-harness-optimized/iteration-11/gemma-4-E4B-it-qat-UD-Q4_K_XL/analysis.json,gemma-4-E4B-it-qat-UD-Q4_K_XL-harness-iter11,iteration-11,ollama,,http://127.0.0.1:8092,Apple M1 Pro,25,Apple M1 Pro 32GB unified memory,true,remote:127.0.0.1,remote,127.0.0.1,0,gemma-4-E4B-it-qat-UD-Q4_K_XL,,gemma-4-E4B-it-qat-UD-Q4_K_XL-harness-iter11,,,results/benchloop/gemma4-harness-optimized/iteration-11/gemma-4-E4B-it-qat-UD-Q4_K_XL/policy.json,1,64,0.95,0,4787.753379674137,0,2,0,6,90.62,8,9,8384.398249996593,3,41.67,12,3,6139.9982500006445,12,87.05,15,9,1623.9090410235804,6,61.11,15,6,12462.368874985259,9,60,15,0,5243.015541986097,9,61.5,9,1,884.0211659844499,14,95,15
gemma4_harness_optimized_17x,12,gemma-4-E2B-it-qat-UD-Q4_K_XL,2026-06-06T18:00:40.690608+00:00-gemma-4-E2B-it-qat-UD-Q4_K_XL-harness-iter12,results/benchloop/gemma4-harness-optimized/iteration-12/gemma-4-E2B-it-qat-UD-Q4_K_XL/run.json,0.1.0,2026-06-06T18:00:40.690608+00:00,openai_compat,raw,v1,iter-12,enforce_sampler;cap_max_tokens_by_task;strip_reasoning;strip_markdown_fences;extract_python_code;repair_json;parse_escaped_json;coerce_numeric_json_values;parse_tagged_tool_calls;parse_json_tool_calls;parse_function_syntax;normalize_tool_args;dedupe_tool_calls;direct_answer_guard;synthesize_obvious_tool_calls,383.4959948750038,67.85705711610487,70.47166666666666,71.05,59.55056179775281,20.482720658723387,48.80757569172628,"{""tool_partial_batch"":2,""coding_semantic"":7,""format_cleanup"":1,""semantic_extraction"":10,""format_or_instruction"":8,""semantic_math"":8,""answer_line"":2,""speed_measurement"":9}",results/benchloop/gemma4-harness-optimized/iteration-12/gemma-4-E2B-it-qat-UD-Q4_K_XL/analysis.json,gemma-4-E2B-it-qat-UD-Q4_K_XL-harness-iter12,iteration-12,ollama,,http://127.0.0.1:8092,Apple M1 Pro,25,Apple M1 Pro 32GB unified memory,true,remote:127.0.0.1,remote,127.0.0.1,0,gemma-4-E2B-it-qat-UD-Q4_K_XL,,gemma-4-E2B-it-qat-UD-Q4_K_XL-harness-iter12,,,results/benchloop/gemma4-harness-optimized/iteration-12/gemma-4-E2B-it-qat-UD-Q4_K_XL/policy.json,1,64,0.95,0,2810.034319777818,0,2,0,6,93.75,8,8,4905.616749994806,4,47.92,12,8,3495.6587080087047,7,83.38,15,8,997.874666005373,7,64.45,15,10,9804.068249999546,5,33.33,15,0,3057.7768329821993,9,71.05,9,0,620.4464159964118,15,100,15
gemma4_harness_optimized_17x,12,gemma-4-E4B-it-qat-UD-Q4_K_XL,2026-06-06T18:07:07.723524+00:00-gemma-4-E4B-it-qat-UD-Q4_K_XL-harness-iter12,results/benchloop/gemma4-harness-optimized/iteration-12/gemma-4-E4B-it-qat-UD-Q4_K_XL/run.json,0.1.0,2026-06-06T18:07:07.723524+00:00,openai_compat,raw,v1,iter-12,enforce_sampler;cap_max_tokens_by_task;strip_reasoning;strip_markdown_fences;extract_python_code;repair_json;parse_escaped_json;coerce_numeric_json_values;parse_tagged_tool_calls;parse_json_tool_calls;parse_function_syntax;normalize_tool_args;dedupe_tool_calls;direct_answer_guard;synthesize_obvious_tool_calls,601.252435250004,71.48248033707866,75.925,61.54,69.66292134831461,15.240426359291819,28.81446983922954,"{""tool_partial_batch"":1,""coding_semantic"":8,""semantic_extraction"":10,""format_or_instruction"":7,""semantic_math"":6,""answer_line"":1,""speed_measurement"":9}",results/benchloop/gemma4-harness-optimized/iteration-12/gemma-4-E4B-it-qat-UD-Q4_K_XL/analysis.json,gemma-4-E4B-it-qat-UD-Q4_K_XL-harness-iter12,iteration-12,ollama,,http://127.0.0.1:8092,Apple M1 Pro,25,Apple M1 Pro 32GB unified memory,true,remote:127.0.0.1,remote,127.0.0.1,0,gemma-4-E4B-it-qat-UD-Q4_K_XL,,gemma-4-E4B-it-qat-UD-Q4_K_XL-harness-iter12,,,results/benchloop/gemma4-harness-optimized/iteration-12/gemma-4-E4B-it-qat-UD-Q4_K_XL/policy.json,1,64,0.95,0,4747.11482888799,0,1,0,7,96.88,8,8,8356.742937496165,4,50,12,4,5965.070875012316,11,85,15,7,1709.40208400134,8,66.67,15,7,12050.762375001796,8,57,15,0,5209.712208976271,9,61.54,9,0,1214.547624986153,15,100,15
gemma4_harness_optimized_17x,13,gemma-4-E2B-it-qat-UD-Q4_K_XL,2026-06-06T18:17:12.283983+00:00-gemma-4-E2B-it-qat-UD-Q4_K_XL-harness-iter13,results/benchloop/gemma4-harness-optimized/iteration-13/gemma-4-E2B-it-qat-UD-Q4_K_XL/run.json,0.1.0,2026-06-06T18:17:12.283983+00:00,openai_compat,raw,v1,iter-13,enforce_sampler;cap_max_tokens_by_task;strip_reasoning;strip_markdown_fences;extract_python_code;repair_json;parse_escaped_json;coerce_numeric_json_values;parse_tagged_tool_calls;parse_json_tool_calls;parse_function_syntax;normalize_tool_args;dedupe_tool_calls;direct_answer_guard;synthesize_obvious_tool_calls;synthesize_missing_batch_calls,370.5038852499856,71.48490262172285,74.92666666666666,71.32,64.04494382022472,23.687680527088236,49.36296933401204,"{""tool_partial_batch"":1,""coding_semantic"":7,""semantic_extraction"":10,""format_or_instruction"":8,""semantic_math"":7,""answer_line"":1,""speed_measurement"":9}",results/benchloop/gemma4-harness-optimized/iteration-13/gemma-4-E2B-it-qat-UD-Q4_K_XL/analysis.json,gemma-4-E2B-it-qat-UD-Q4_K_XL-harness-iter13,iteration-13,ollama,,http://127.0.0.1:8092,Apple M1 Pro,25,Apple M1 Pro 32GB unified memory,true,remote:127.0.0.1,remote,127.0.0.1,0,gemma-4-E2B-it-qat-UD-Q4_K_XL,,gemma-4-E2B-it-qat-UD-Q4_K_XL-harness-iter13,,,results/benchloop/gemma4-harness-optimized/iteration-13/gemma-4-E2B-it-qat-UD-Q4_K_XL/policy.json,1,64,0.95,0,2792.5675465505465,0,1,0,7,96.88,8,7,4943.831687502097,5,56.25,12,8,3812.649333005538,7,81.65,15,8,965.9644160128664,7,64.45,15,8,8572.671125002671,7,50.33,15,0,3061.503042001277,9,71.32,9,0,523.3172920125071,15,100,15
gemma4_harness_optimized_17x,13,gemma-4-E4B-it-qat-UD-Q4_K_XL,2026-06-06T18:23:26.377265+00:00-gemma-4-E4B-it-qat-UD-Q4_K_XL-harness-iter13,results/benchloop/gemma4-harness-optimized/iteration-13/gemma-4-E4B-it-qat-UD-Q4_K_XL/run.json,0.1.0,2026-06-06T18:23:26.377265+00:00,openai_compat,raw,v1,iter-13,enforce_sampler;cap_max_tokens_by_task;strip_reasoning;strip_markdown_fences;extract_python_code;repair_json;parse_escaped_json;coerce_numeric_json_values;parse_tagged_tool_calls;parse_json_tool_calls;parse_function_syntax;normalize_tool_args;dedupe_tool_calls;direct_answer_guard;synthesize_obvious_tool_calls;synthesize_missing_batch_calls,608.6745846249978,72.72267696629214,76.615,61.63,73.03370786516854,16.224111245795207,28.99504316539287,"{""coding_semantic"":6,""format_cleanup"":2,""semantic_extraction"":10,""format_or_instruction"":6,""semantic_math"":5,""answer_line"":1,""speed_measurement"":9}",results/benchloop/gemma4-harness-optimized/iteration-13/gemma-4-E4B-it-qat-UD-Q4_K_XL/analysis.json,gemma-4-E4B-it-qat-UD-Q4_K_XL-harness-iter13,iteration-13,ollama,,http://127.0.0.1:8092,Apple M1 Pro,25,Apple M1 Pro 32GB unified memory,true,remote:127.0.0.1,remote,127.0.0.1,0,gemma-4-E4B-it-qat-UD-Q4_K_XL,,gemma-4-E4B-it-qat-UD-Q4_K_XL-harness-iter13,,,results/benchloop/gemma4-harness-optimized/iteration-13/gemma-4-E4B-it-qat-UD-Q4_K_XL/policy.json,1,64,0.95,0,4762.243903109467,0,0,0,8,100,8,8,8351.850082995952,4,45.83,12,4,6123.800999979721,11,84.97,15,6,1616.2981670058798,9,68.89,15,6,11136.314040981233,9,60,15,0,5180.1513340033125,9,61.63,9,0,1244.480207999004,15,100,15
gemma4_harness_optimized_17x,14,gemma-4-E2B-it-qat-UD-Q4_K_XL,2026-06-06T18:33:38.362409+00:00-gemma-4-E2B-it-qat-UD-Q4_K_XL-harness-iter14,results/benchloop/gemma4-harness-optimized/iteration-14/gemma-4-E2B-it-qat-UD-Q4_K_XL/run.json,0.1.0,2026-06-06T18:33:38.362409+00:00,openai_compat,raw,v1,iter-14,enforce_sampler;cap_max_tokens_by_task;strip_reasoning;strip_markdown_fences;extract_python_code;repair_json;parse_escaped_json;coerce_numeric_json_values;parse_tagged_tool_calls;parse_json_tool_calls;parse_function_syntax;normalize_tool_args;dedupe_tool_calls;direct_answer_guard;synthesize_obvious_tool_calls;synthesize_missing_batch_calls;canonicalize_reasonmath_answer_line,387.59719004199724,68.27995599250937,70.63166666666667,71.32,60.67415730337079,21.20903026201619,49.490017155232565,"{""tool_partial_batch"":1,""coding_semantic"":9,""semantic_extraction"":11,""format_or_instruction"":9,""semantic_math"":6,""answer_line"":2,""speed_measurement"":9,""tool_missing"":1}",results/benchloop/gemma4-harness-optimized/iteration-14/gemma-4-E2B-it-qat-UD-Q4_K_XL/analysis.json,gemma-4-E2B-it-qat-UD-Q4_K_XL-harness-iter14,iteration-14,ollama,,http://127.0.0.1:8092,Apple M1 Pro,25,Apple M1 Pro 32GB unified memory,true,remote:127.0.0.1,remote,127.0.0.1,0,gemma-4-E2B-it-qat-UD-Q4_K_XL,,gemma-4-E2B-it-qat-UD-Q4_K_XL-harness-iter14,,,results/benchloop/gemma4-harness-optimized/iteration-14/gemma-4-E2B-it-qat-UD-Q4_K_XL/policy.json,1,64,0.95,0,2887.227888775265,0,1,0,7,96.88,8,9,4931.532333503128,3,43.75,12,7,3588.4775000158697,8,80.38,15,9,946.5309589868411,6,61.11,15,8,9188.35658300668,7,46.67,15,0,3077.6034589798655,9,71.32,9,1,514.7021660231985,14,95,15
gemma4_harness_optimized_17x,14,gemma-4-E4B-it-qat-UD-Q4_K_XL,2026-06-06T18:40:09.517497+00:00-gemma-4-E4B-it-qat-UD-Q4_K_XL-harness-iter14,results/benchloop/gemma4-harness-optimized/iteration-14/gemma-4-E4B-it-qat-UD-Q4_K_XL/run.json,0.1.0,2026-06-06T18:40:09.517497+00:00,openai_compat,raw,v1,iter-14,enforce_sampler;cap_max_tokens_by_task;strip_reasoning;strip_markdown_fences;extract_python_code;repair_json;parse_escaped_json;coerce_numeric_json_values;parse_tagged_tool_calls;parse_json_tool_calls;parse_function_syntax;normalize_tool_args;dedupe_tool_calls;direct_answer_guard;synthesize_obvious_tool_calls;synthesize_missing_batch_calls;canonicalize_reasonmath_answer_line,600.9901812500029,70.987015917603,76.07833333333333,61.45,67.41573033707866,14.722290070177044,28.704708222791353,"{""tool_partial_batch"":1,""coding_semantic"":7,""semantic_extraction"":10,""format_or_instruction"":7,""semantic_math"":5,""answer_line"":1,""speed_measurement"":9,""tool_missing"":1}",results/benchloop/gemma4-harness-optimized/iteration-14/gemma-4-E4B-it-qat-UD-Q4_K_XL/analysis.json,gemma-4-E4B-it-qat-UD-Q4_K_XL-harness-iter14,iteration-14,ollama,,http://127.0.0.1:8092,Apple M1 Pro,25,Apple M1 Pro 32GB unified memory,true,remote:127.0.0.1,remote,127.0.0.1,0,gemma-4-E4B-it-qat-UD-Q4_K_XL,,gemma-4-E4B-it-qat-UD-Q4_K_XL-harness-iter14,,,results/benchloop/gemma4-harness-optimized/iteration-14/gemma-4-E4B-it-qat-UD-Q4_K_XL/policy.json,1,64,0.95,0,4783.85941666137,0,1,0,7,96.88,8,7,8334.218208488892,5,56.25,12,7,5914.143834001152,8,81.67,15,7,1748.3333340205718,8,66.67,15,6,11610.406624997267,9,60,15,0,5193.632832990261,9,61.45,9,1,895.4618749849033,14,95,15
gemma4_harness_optimized_17x,15,gemma-4-E2B-it-qat-UD-Q4_K_XL,2026-06-06T18:50:13.942305+00:00-gemma-4-E2B-it-qat-UD-Q4_K_XL-harness-iter15,results/benchloop/gemma4-harness-optimized/iteration-15/gemma-4-E2B-it-qat-UD-Q4_K_XL/run.json,0.1.0,2026-06-06T18:50:13.942305+00:00,openai_compat,raw,v1,iter-15,enforce_sampler;cap_max_tokens_by_task;strip_reasoning;strip_markdown_fences;extract_python_code;repair_json;parse_escaped_json;coerce_numeric_json_values;parse_tagged_tool_calls;parse_json_tool_calls;parse_function_syntax;normalize_tool_args;dedupe_tool_calls;direct_answer_guard;synthesize_obvious_tool_calls;synthesize_missing_batch_calls;canonicalize_reasonmath_answer_line;retry_empty,373.3285640000249,69.94556928838952,72.35333333333334,70.7,64.04494382022472,22.248994407348164,48.01390113463622,"{""coding_semantic"":8,""format_cleanup"":1,""semantic_extraction"":10,""format_or_instruction"":7,""semantic_math"":6,""answer_line"":2,""speed_measurement"":9}",results/benchloop/gemma4-harness-optimized/iteration-15/gemma-4-E2B-it-qat-UD-Q4_K_XL/analysis.json,gemma-4-E2B-it-qat-UD-Q4_K_XL-harness-iter15,iteration-15,ollama,,http://127.0.0.1:8092,Apple M1 Pro,25,Apple M1 Pro 32GB unified memory,true,remote:127.0.0.1,remote,127.0.0.1,0,gemma-4-E2B-it-qat-UD-Q4_K_XL,,gemma-4-E2B-it-qat-UD-Q4_K_XL-harness-iter15,,,results/benchloop/gemma4-harness-optimized/iteration-15/gemma-4-E2B-it-qat-UD-Q4_K_XL/policy.json,1,64,0.95,0,2807.923449112827,0,0,0,8,100,8,9,4948.761645500781,3,41.67,12,8,3771.515125001315,7,78,15,7,954.7077500028536,8,67.78,15,8,9345.47937498428,7,46.67,15,0,3117.0708339777775,9,70.7,9,0,514.857000001939,15,100,15
gemma4_harness_optimized_17x,15,gemma-4-E4B-it-qat-UD-Q4_K_XL,2026-06-06T18:56:30.821105+00:00-gemma-4-E4B-it-qat-UD-Q4_K_XL-harness-iter15,results/benchloop/gemma4-harness-optimized/iteration-15/gemma-4-E4B-it-qat-UD-Q4_K_XL/run.json,0.1.0,2026-06-06T18:56:30.821105+00:00,openai_compat,raw,v1,iter-15,enforce_sampler;cap_max_tokens_by_task;strip_reasoning;strip_markdown_fences;extract_python_code;repair_json;parse_escaped_json;coerce_numeric_json_values;parse_tagged_tool_calls;parse_json_tool_calls;parse_function_syntax;normalize_tool_args;dedupe_tool_calls;direct_answer_guard;synthesize_obvious_tool_calls;synthesize_missing_batch_calls;canonicalize_reasonmath_answer_line;retry_empty,578.9925504169951,70.4606647940075,74.60333333333334,61.47,68.53932584269663,14.698246480355662,28.745341007594718,"{""tool_partial_batch"":1,""coding_semantic"":8,""format_cleanup"":1,""semantic_extraction"":9,""format_or_instruction"":6,""semantic_math"":5,""answer_line"":1,""speed_measurement"":9,""tool_missing"":1}",results/benchloop/gemma4-harness-optimized/iteration-15/gemma-4-E4B-it-qat-UD-Q4_K_XL/analysis.json,gemma-4-E4B-it-qat-UD-Q4_K_XL-harness-iter15,iteration-15,ollama,,http://127.0.0.1:8092,Apple M1 Pro,25,Apple M1 Pro 32GB unified memory,true,remote:127.0.0.1,remote,127.0.0.1,0,gemma-4-E4B-it-qat-UD-Q4_K_XL,,gemma-4-E4B-it-qat-UD-Q4_K_XL-harness-iter15,,,results/benchloop/gemma4-harness-optimized/iteration-15/gemma-4-E4B-it-qat-UD-Q4_K_XL/policy.json,1,64,0.95,0,4686.513342555069,0,1,0,7,93.75,8,9,8324.141041492112,3,41.67,12,5,5950.648875004845,10,83.87,15,6,1587.314291013172,9,73.33,15,6,10925.824416975956,9,60,15,0,5165.8997499907855,9,61.47,9,1,873.6979580135085,14,95,15
gemma4_harness_optimized_17x,16,gemma-4-E2B-it-qat-UD-Q4_K_XL,2026-06-06T19:06:13.104349+00:00-gemma-4-E2B-it-qat-UD-Q4_K_XL-harness-iter16,results/benchloop/gemma4-harness-optimized/iteration-16/gemma-4-E2B-it-qat-UD-Q4_K_XL/run.json,0.1.0,2026-06-06T19:06:13.104349+00:00,openai_compat,raw,v1,iter-16,enforce_sampler;cap_max_tokens_by_task;strip_reasoning;strip_markdown_fences;extract_python_code;repair_json;parse_escaped_json;coerce_numeric_json_values;parse_tagged_tool_calls;parse_json_tool_calls;parse_function_syntax;normalize_tool_args;dedupe_tool_calls;direct_answer_guard;synthesize_obvious_tool_calls;synthesize_missing_batch_calls;canonicalize_reasonmath_answer_line;retry_empty;retry_malformed_json,384.4892761250085,68.00789044943821,70.775,70.97,59.55056179775281,20.457404218206367,48.53832502470269,"{""tool_partial_batch"":2,""coding_semantic"":9,""format_cleanup"":1,""semantic_extraction"":11,""format_or_instruction"":8,""semantic_math"":6,""answer_line"":1,""speed_measurement"":9}",results/benchloop/gemma4-harness-optimized/iteration-16/gemma-4-E2B-it-qat-UD-Q4_K_XL/analysis.json,gemma-4-E2B-it-qat-UD-Q4_K_XL-harness-iter16,iteration-16,ollama,,http://127.0.0.1:8092,Apple M1 Pro,25,Apple M1 Pro 32GB unified memory,true,remote:127.0.0.1,remote,127.0.0.1,0,gemma-4-E2B-it-qat-UD-Q4_K_XL,,gemma-4-E2B-it-qat-UD-Q4_K_XL-harness-iter16,,,results/benchloop/gemma4-harness-optimized/iteration-16/gemma-4-E2B-it-qat-UD-Q4_K_XL/policy.json,1,64,0.95,0,2804.213138888978,0,1,0,7,96.88,8,10,4937.275645483169,2,35.42,12,9,3696.815500006778,6,77.9,15,8,975.383042008616,7,64.45,15,7,8796.772333997069,8,53.33,15,0,3071.4325830049347,9,70.97,9,1,525.7380410039332,14,96.67,15
gemma4_harness_optimized_17x,16,gemma-4-E4B-it-qat-UD-Q4_K_XL,2026-06-06T19:12:41.134879+00:00-gemma-4-E4B-it-qat-UD-Q4_K_XL-harness-iter16,results/benchloop/gemma4-harness-optimized/iteration-16/gemma-4-E4B-it-qat-UD-Q4_K_XL/run.json,0.1.0,2026-06-06T19:12:41.134879+00:00,openai_compat,raw,v1,iter-16,enforce_sampler;cap_max_tokens_by_task;strip_reasoning;strip_markdown_fences;extract_python_code;repair_json;parse_escaped_json;coerce_numeric_json_values;parse_tagged_tool_calls;parse_json_tool_calls;parse_function_syntax;normalize_tool_args;dedupe_tool_calls;direct_answer_guard;synthesize_obvious_tool_calls;synthesize_missing_batch_calls;canonicalize_reasonmath_answer_line;retry_empty;retry_malformed_json,611.2037019589916,72.03731367041199,76.90833333333333,61.61,69.66292134831461,15.535644575243094,28.997075149440622,"{""tool_partial_batch"":1,""coding_semantic"":8,""semantic_extraction"":10,""format_or_instruction"":8,""semantic_math"":4,""answer_line"":1,""speed_measurement"":9}",results/benchloop/gemma4-harness-optimized/iteration-16/gemma-4-E4B-it-qat-UD-Q4_K_XL/analysis.json,gemma-4-E4B-it-qat-UD-Q4_K_XL-harness-iter16,iteration-16,ollama,,http://127.0.0.1:8092,Apple M1 Pro,25,Apple M1 Pro 32GB unified memory,true,remote:127.0.0.1,remote,127.0.0.1,0,gemma-4-E4B-it-qat-UD-Q4_K_XL,,gemma-4-E4B-it-qat-UD-Q4_K_XL-harness-iter16,,,results/benchloop/gemma4-harness-optimized/iteration-16/gemma-4-E4B-it-qat-UD-Q4_K_XL/policy.json,1,64,0.95,0,4778.691476776859,0,1,0,7,96.88,8,8,8334.076395491138,4,50,12,5,6026.6025000019,10,83.45,15,8,1650.9026669955347,7,64.45,15,5,11451.850042009028,10,66.67,15,0,5158.45979200094,9,61.61,9,0,925.9133750165347,15,100,15
gemma4_harness_optimized_17x,17,gemma-4-E2B-it-qat-UD-Q4_K_XL,2026-06-06T19:22:55.629201+00:00-gemma-4-E2B-it-qat-UD-Q4_K_XL-harness-iter17,results/benchloop/gemma4-harness-optimized/iteration-17/gemma-4-E2B-it-qat-UD-Q4_K_XL/run.json,0.1.0,2026-06-06T19:22:55.629201+00:00,openai_compat,raw,v1,iter-17,enforce_sampler;cap_max_tokens_by_task;strip_reasoning;strip_markdown_fences;extract_python_code;repair_json;parse_escaped_json;coerce_numeric_json_values;parse_tagged_tool_calls;parse_json_tool_calls;parse_function_syntax;normalize_tool_args;dedupe_tool_calls;direct_answer_guard;synthesize_obvious_tool_calls;synthesize_missing_batch_calls;canonicalize_reasonmath_answer_line;retry_empty;retry_malformed_json,377.5317685829941,68.5452893258427,71.325,70.74,60.67415730337079,20.759300452982778,47.96971973141896,"{""tool_partial_batch"":1,""coding_semantic"":8,""format_cleanup"":1,""semantic_extraction"":11,""format_or_instruction"":8,""semantic_math"":6,""answer_line"":2,""speed_measurement"":9,""tool_missing"":1}",results/benchloop/gemma4-harness-optimized/iteration-17/gemma-4-E2B-it-qat-UD-Q4_K_XL/analysis.json,gemma-4-E2B-it-qat-UD-Q4_K_XL-harness-iter17,iteration-17,ollama,,http://127.0.0.1:8092,Apple M1 Pro,25,Apple M1 Pro 32GB unified memory,true,remote:127.0.0.1,remote,127.0.0.1,0,gemma-4-E2B-it-qat-UD-Q4_K_XL,,gemma-4-E2B-it-qat-UD-Q4_K_XL-harness-iter17,,,results/benchloop/gemma4-harness-optimized/iteration-17/gemma-4-E2B-it-qat-UD-Q4_K_XL/policy.json,1,64,0.95,0,2803.1602545557284,0,1,0,7,96.88,8,9,4944.010708510177,3,41.67,12,8,3844.1548330010846,7,83.28,15,8,944.5944160106592,7,64.45,15,8,9215.024208999239,7,46.67,15,0,3107.4069580063224,9,70.74,9,1,519.6497500000987,14,95,15
gemma4_harness_optimized_17x,17,gemma-4-E4B-it-qat-UD-Q4_K_XL,2026-06-06T19:29:16.682456+00:00-gemma-4-E4B-it-qat-UD-Q4_K_XL-harness-iter17,results/benchloop/gemma4-harness-optimized/iteration-17/gemma-4-E4B-it-qat-UD-Q4_K_XL/run.json,0.1.0,2026-06-06T19:29:16.682456+00:00,openai_compat,raw,v1,iter-17,enforce_sampler;cap_max_tokens_by_task;strip_reasoning;strip_markdown_fences;extract_python_code;repair_json;parse_escaped_json;coerce_numeric_json_values;parse_tagged_tool_calls;parse_json_tool_calls;parse_function_syntax;normalize_tool_args;dedupe_tool_calls;direct_answer_guard;synthesize_obvious_tool_calls;synthesize_missing_batch_calls;canonicalize_reasonmath_answer_line;retry_empty;retry_malformed_json,596.7897189590149,71.70081367041199,76.39833333333334,61.33,69.66292134831461,15.20406358907495,28.567623275313604,"{""tool_partial_batch"":1,""format_cleanup"":1,""coding_semantic"":6,""semantic_extraction"":8,""format_or_instruction"":9,""semantic_math"":5,""answer_line"":1,""speed_measurement"":9}",results/benchloop/gemma4-harness-optimized/iteration-17/gemma-4-E4B-it-qat-UD-Q4_K_XL/analysis.json,gemma-4-E4B-it-qat-UD-Q4_K_XL-harness-iter17,iteration-17,ollama,,http://127.0.0.1:8092,Apple M1 Pro,25,Apple M1 Pro 32GB unified memory,true,remote:127.0.0.1,remote,127.0.0.1,0,gemma-4-E4B-it-qat-UD-Q4_K_XL,,gemma-4-E4B-it-qat-UD-Q4_K_XL-harness-iter17,,,results/benchloop/gemma4-harness-optimized/iteration-17/gemma-4-E4B-it-qat-UD-Q4_K_XL/policy.json,1,64,0.95,0,4784.953726672231,0,1,0,7,96.88,8,7,8375.47820850159,5,54.17,12,4,6100.805750000291,11,86.23,15,9,1746.7598330113105,6,61.11,15,6,11381.526832992677,9,60,15,0,5212.4927080003545,9,61.33,9,0,1075.8092500036582,15,100,15
