"Time","Model","Mode","Passed","Total","LoadCommittedMiB","PromptTPS","GenerationTPS","PromptTokens","GenerationTokens","Note","Log"
"2026-05-24T23:53:10","Gemma4-E4B-Uncensored-MAX-Opus4.7-Q4_K_M","text","","","8554.66","512.8718320782568","53.36246034293718","41","256","","C:\Users\Admin\Documents\Codex\2026-05-18\i-want-to-run-qwen-3\logs\new-model-Gemma4-E4B-Uncensored-MAX-Opus4.7-Q4_K_M-text.response.json"
"2026-05-24T23:53:17","Gemma4-E4B-Uncensored-MAX-Opus4.7-Q4_K_M","vision","1","1","8554.66","388.35413141428273","48.395710552060834","294","256","Thinking Process:

1.  **Analyze the image:** The image is a white background featuring three main elements: a red square on the left, a blue circle on the right, and the text ""QWEN"" centered below them.

2.  **Deconstruct the elements (Shapes, Colors, Text):**
    *   Shape 1: Square (left).
    *   Color 1: Bright red.
    *   Shape 2: Circle (right).
    *   Color 2: Bright blue.
    *   Text: QWEN (capital letters, black).

3.  **Draft a descriptive sentence (focus on accuracy and conciseness):** Start with the overall composition, then list the components clearly.

4.  **Review against the prompt:** ""Describe the image in one sentence. Mention the shapes, colors, and text exactly.""
    *   One sentence? Yes.
    *   Shapes? Square, circle. (Check)
    *   Colors? Red, blue. (Check)
    *   Text exactly? QWEN. (Check)

5.  **Final polish:** (Self-Correction: Ensure the description flows naturally","C:\Users\Admin\Documents\Codex\2026-05-18\i-want-to-run-qwen-3\logs\new-model-Gemma4-E4B-Uncensored-MAX-Opus4.7-Q4_K_M-vision.response.json"
"2026-05-24T23:53:21","Gemma4-E4B-Uncensored-MAX-Opus4.7-Q4_K_M","tool","1","1","8554.66","583.9589028343165","48.90367921845273","69","206","","C:\Users\Admin\Documents\Codex\2026-05-18\i-want-to-run-qwen-3\logs\new-model-Gemma4-E4B-Uncensored-MAX-Opus4.7-Q4_K_M-tool.response.json"
"2026-05-24T23:53:57","Gemma4-E4B-Uncensored-MAX-Opus4.7-Q4_K_M","code:lru_cache","0","6","8554.66","994.412514299026","47.5160781367633","286","1636","evict_update_get: expected '1 -1 4 a c', got 'C:\Users\Admin\Documents\Codex\2026-05-18\i-want-to-run-qwen-3\logs\new-model-Gemma4-E4B-Uncensored-MAX-Opus4.7-Q4_K_M-lru_cache.js:83 > { ^ SyntaxError: Unexpected token '>' at wrapSafe (node:internal/modules/cjs/loader:1743:18) at Module._compile (node:internal/modules/cjs/loader:1786:20) at Object..js (node:internal/modules/cjs/loader:1943:10) at Module.load (node:internal/modules/cjs/loader:1533:32) at Module._load (node:internal/modules/cjs/loader:1335:12) at wrapModuleLoad (node:internal/modules/cjs/loader:255:19) at Module.executeUserEntryPoint [as runMain] (node:internal/modules/run_main:154:5) at node:internal/main/run_main_module:33:47 Node.js v24.14.0' | delete_and_empty_gets: expected '-1 20 EMPTY', got 'C:\Users\Admin\Documents\Codex\2026-05-18\i-want-to-run-qwen-3\logs\new-model-Gemma4-E4B-Uncensored-MAX-Opus4.7-Q4_K_M-lru_cache.js:83 > { ^ SyntaxError: Unexpected token '>' at wrapSafe (node:internal/modules/cjs/loader:1743:18) at Module._compile (node:internal/modules/cjs/loader:1786:20) at Object..js (node:internal/modules/cjs/loader:1943:10) at Module.load (node:internal/modules/cjs/loader:1533:32) at Module._load (node:internal/modules/cjs/loader:1335:12) at wrapModuleLoad (node:internal/modules/cjs/loader:255:19) at Module.executeUserEntryPoint [as runMain] (node:internal/modules/run_main:154:5) at node:internal/main/run_main_module:33:47 Node.js v24.14.0' | capacity_one: expected '-1 2 -1 3 -1 c', got 'C:\Users\Admin\Documents\Codex\2026-05-18\i-want-to-run-qwen-3\logs\new-model-Gemma4-E4B-Uncensored-MAX-Opus4.7-Q4_K_M-lru_cache.js:83 > { ^ SyntaxError: Unexpected token '>' at wrapSafe (node:internal/modules/cjs/loader:1743:18) at Module._compile (node:internal/modules/cjs/loader:1786:20) at Object..js (node:internal/modules/cjs/loader:1943:10) at Module.load (node:internal/modules/cjs/loader:1533:32) at Module._load (node:internal/modules/cjs/loader:1335:12) at wrapModuleLoad (node:internal/modules/cjs/loader:255:19) at Module.executeUserEntryPoint [as runMain] (node:internal/modules/run_main:154:5) at node:internal/main/run_main_module:33:47 Node.js v24.14.0' | no_gets: expected 'EMPTY k1 k3', got 'C:\Users\Admin\Documents\Codex\2026-05-18\i-want-to-run-qwen-3\logs\new-model-Gemma4-E4B-Uncensored-MAX-Opus4.7-Q4_K_M-lru_cache.js:83 > { ^ SyntaxError: Unexpected token '>' at wrapSafe (node:internal/modules/cjs/loader:1743:18) at Module._compile (node:internal/modules/cjs/loader:1786:20) at Object..js (node:internal/modules/cjs/loader:1943:10) at Module.load (node:internal/modules/cjs/loader:1533:32) at Module._load (node:internal/modules/cjs/loader:1335:12) at wrapModuleLoad (node:internal/modules/cjs/loader:255:19) at Module.executeUserEntryPoint [as runMain] (node:internal/modules/run_main:154:5) at node:internal/main/run_main_module:33:47 Node.js v24.14.0' | string_keys: expected '1 -1 3 4 1 aa dd cc', got 'C:\Users\Admin\Documents\Codex\2026-05-18\i-want-to-run-qwen-3\logs\new-model-Gemma4-E4B-Uncensored-MAX-Opus4.7-Q4_K_M-lru_cache.js:83 > { ^ SyntaxError: Unexpected token '>' at wrapSafe (node:internal/modules/cjs/loader:1743:18) at Module._compile (node:internal/modules/cjs/loader:1786:20) at Object..js (node:internal/modules/cjs/loader:1943:10) at Module.load (node:internal/modules/cjs/loader:1533:32) at Module._load (node:internal/modules/cjs/loader:1335:12) at wrapModuleLoad (node:internal/modules/cjs/loader:255:19) at Module.executeUserEntryPoint [as runMain] (node:internal/modules/run_main:154:5) at node:internal/main/run_main_module:33:47 Node.js v24.14.0' | update_existing: expected '9 -1 a c', got 'C:\Users\Admin\Documents\Codex\2026-05-18\i-want-to-run-qwen-3\logs\new-model-Gemma4-E4B-Uncensored-MAX-Opus4.7-Q4_K_M-lru_cache.js:83 > { ^ SyntaxError: Unexpected token '>' at wrapSafe (node:internal/modules/cjs/loader:1743:18) at Module._compile (node:internal/modules/cjs/loader:1786:20) at Object..js (node:internal/modules/cjs/loader:1943:10) at Module.load (node:internal/modules/cjs/loader:1533:32) at Module._load (node:internal/modules/cjs/loader:1335:12) at wrapModuleLoad (node:internal/modules/cjs/loader:255:19) at Module.executeUserEntryPoint [as runMain] (node:internal/modules/run_main:154:5) at node:internal/main/run_main_module:33:47 Node.js v24.14.0'","C:\Users\Admin\Documents\Codex\2026-05-18\i-want-to-run-qwen-3\logs\new-model-Gemma4-E4B-Uncensored-MAX-Opus4.7-Q4_K_M-lru_cache.response.json"
"2026-05-24T23:55:05","Gemma4-E4B-Uncensored-MAX-Opus4.7-Q4_K_M","code:expression_parser","0","7","8554.66","1032.8729015465549","47.33563184857235","150","3136","precedence: expected '14', got 'C:\Users\Admin\Documents\Codex\2026-05-18\i-want-to-run-qwen-3\logs\new-model-Gemma4-E4B-Uncensored-MAX-Opus4.7-Q4_K_M-expression_parser.js:219 SyntaxError: Unexpected end of input at wrapSafe (node:internal/modules/cjs/loader:1743:18) at Module._compile (node:internal/modules/cjs/loader:1786:20) at Object..js (node:internal/modules/cjs/loader:1943:10) at Module.load (node:internal/modules/cjs/loader:1533:32) at Module._load (node:internal/modules/cjs/loader:1335:12) at wrapModuleLoad (node:internal/modules/cjs/loader:255:19) at Module.executeUserEntryPoint [as runMain] (node:internal/modules/run_main:154:5) at node:internal/main/run_main_module:33:47 Node.js v24.14.0' | paren_unary: expected '-20', got 'C:\Users\Admin\Documents\Codex\2026-05-18\i-want-to-run-qwen-3\logs\new-model-Gemma4-E4B-Uncensored-MAX-Opus4.7-Q4_K_M-expression_parser.js:219 SyntaxError: Unexpected end of input at wrapSafe (node:internal/modules/cjs/loader:1743:18) at Module._compile (node:internal/modules/cjs/loader:1786:20) at Object..js (node:internal/modules/cjs/loader:1943:10) at Module.load (node:internal/modules/cjs/loader:1533:32) at Module._load (node:internal/modules/cjs/loader:1335:12) at wrapModuleLoad (node:internal/modules/cjs/loader:255:19) at Module.executeUserEntryPoint [as runMain] (node:internal/modules/run_main:154:5) at node:internal/main/run_main_module:33:47 Node.js v24.14.0' | trunc_zero: expected '0', got 'C:\Users\Admin\Documents\Codex\2026-05-18\i-want-to-run-qwen-3\logs\new-model-Gemma4-E4B-Uncensored-MAX-Opus4.7-Q4_K_M-expression_parser.js:219 SyntaxError: Unexpected end of input at wrapSafe (node:internal/modules/cjs/loader:1743:18) at Module._compile (node:internal/modules/cjs/loader:1786:20) at Object..js (node:internal/modules/cjs/loader:1943:10) at Module.load (node:internal/modules/cjs/loader:1533:32) at Module._load (node:internal/modules/cjs/loader:1335:12) at wrapModuleLoad (node:internal/modules/cjs/loader:255:19) at Module.executeUserEntryPoint [as runMain] (node:internal/modules/run_main:154:5) at node:internal/main/run_main_module:33:47 Node.js v24.14.0' | nested: expected '31', got 'C:\Users\Admin\Documents\Codex\2026-05-18\i-want-to-run-qwen-3\logs\new-model-Gemma4-E4B-Uncensored-MAX-Opus4.7-Q4_K_M-expression_parser.js:219 SyntaxError: Unexpected end of input at wrapSafe (node:internal/modules/cjs/loader:1743:18) at Module._compile (node:internal/modules/cjs/loader:1786:20) at Object..js (node:internal/modules/cjs/loader:1943:10) at Module.load (node:internal/modules/cjs/loader:1533:32) at Module._load (node:internal/modules/cjs/loader:1335:12) at wrapModuleLoad (node:internal/modules/cjs/loader:255:19) at Module.executeUserEntryPoint [as runMain] (node:internal/modules/run_main:154:5) at node:internal/main/run_main_module:33:47 Node.js v24.14.0' | unary_chain: expected '-1', got 'C:\Users\Admin\Documents\Codex\2026-05-18\i-want-to-run-qwen-3\logs\new-model-Gemma4-E4B-Uncensored-MAX-Opus4.7-Q4_K_M-expression_parser.js:219 SyntaxError: Unexpected end of input at wrapSafe (node:internal/modules/cjs/loader:1743:18) at Module._compile (node:internal/modules/cjs/loader:1786:20) at Object..js (node:internal/modules/cjs/loader:1943:10) at Module.load (node:internal/modules/cjs/loader:1533:32) at Module._load (node:internal/modules/cjs/loader:1335:12) at wrapModuleLoad (node:internal/modules/cjs/loader:255:19) at Module.executeUserEntryPoint [as runMain] (node:internal/modules/run_main:154:5) at node:internal/main/run_main_module:33:47 Node.js v24.14.0' | spaces: expected '10', got 'C:\Users\Admin\Documents\Codex\2026-05-18\i-want-to-run-qwen-3\logs\new-model-Gemma4-E4B-Uncensored-MAX-Opus4.7-Q4_K_M-expression_parser.js:219 SyntaxError: Unexpected end of input at wrapSafe (node:internal/modules/cjs/loader:1743:18) at Module._compile (node:internal/modules/cjs/loader:1786:20) at Object..js (node:internal/modules/cjs/loader:1943:10) at Module.load (node:internal/modules/cjs/loader:1533:32) at Module._load (node:internal/modules/cjs/loader:1335:12) at wrapModuleLoad (node:internal/modules/cjs/loader:255:19) at Module.executeUserEntryPoint [as runMain] (node:internal/modules/run_main:154:5) at node:internal/main/run_main_module:33:47 Node.js v24.14.0' | left_assoc: expected '3', got 'C:\Users\Admin\Documents\Codex\2026-05-18\i-want-to-run-qwen-3\logs\new-model-Gemma4-E4B-Uncensored-MAX-Opus4.7-Q4_K_M-expression_parser.js:219 SyntaxError: Unexpected end of input at wrapSafe (node:internal/modules/cjs/loader:1743:18) at Module._compile (node:internal/modules/cjs/loader:1786:20) at Object..js (node:internal/modules/cjs/loader:1943:10) at Module.load (node:internal/modules/cjs/loader:1533:32) at Module._load (node:internal/modules/cjs/loader:1335:12) at wrapModuleLoad (node:internal/modules/cjs/loader:255:19) at Module.executeUserEntryPoint [as runMain] (node:internal/modules/run_main:154:5) at node:internal/main/run_main_module:33:47 Node.js v24.14.0'","C:\Users\Admin\Documents\Codex\2026-05-18\i-want-to-run-qwen-3\logs\new-model-Gemma4-E4B-Uncensored-MAX-Opus4.7-Q4_K_M-expression_parser.response.json"
"2026-05-24T23:56:02","Gemma4-E4B-Uncensored-MAX-Opus4.7-Q4_K_M","code:weighted_grid_dijkstra","1","6","8554.66","1148.8030000924325","47.39432078475251","174","2646","basic: expected '4', got '-1' | zero_corridor: expected '0', got 'Error processing input: RangeError: Maximum call stack size exceeded at Object.get (C:\Users\Admin\Documents\Codex\2026-05-18\i-want-to-run-qwen-3\logs\new-model-Gemma4-E4B-Uncensored-MAX-Opus4.7-Q4_K_M-weighted_grid_dijkstra.js:220:23) at Object.get (C:\Users\Admin\Documents\Codex\2026-05-18\i-want-to-run-qwen-3\logs\new-model-Gemma4-E4B-Uncensored-MAX-Opus4.7-Q4_K_M-weighted_grid_dijkstra.js:220:28) at Object.get (C:\Users\Admin\Documents\Codex\2026-05-18\i-want-to-run-qwen-3\logs\new-model-Gemma4-E4B-Uncensored-MAX-Opus4.7-Q4_K_M-weighted_grid_dijkstra.js:220:28) at Object.get (C:\Users\Admin\Documents\Codex\2026-05-18\i-want-to-run-qwen-3\logs\new-model-Gemma4-E4B-Uncensored-MAX-Opus4.7-Q4_K_M-weighted_grid_dijkstra.js:220:28) at Object.get (C:\Users\Admin\Documents\Codex\2026-05-18\i-want-to-run-qwen-3\logs\new-model-Gemma4-E4B-Uncensored-MAX-Opus4.7-Q4_K_M-weighted_grid_dijkstra.js:220:28) at Object.get (C:\Users\Admin\Documents\Codex\2026-05-18\i-want-to-run-qwen-3\logs\new-model-Gemma4-E4B-Uncensored-MAX-Opus4.7-Q4_K_M-weighted_grid_dijkstra.js:220:28) at Object.get (C:\Users\Admin\Documents\Codex\2026-05-18\i-want-to-run-qwen-3\logs\new-model-Gemma4-E4B-Uncensored-MAX-Opus4.7-Q4_K_M-weighted_grid_dijkstra.js:220:28) at Object.get (C:\Users\Admin\Documents\Codex\2026-05-18\i-want-to-run-qwen-3\logs\new-model-Gemma4-E4B-Uncensored-MAX-Opus4.7-Q4_K_M-weighted_grid_dijkstra.js:220:28) at Object.get (C:\Users\Admin\Documents\Codex\2026-05-18\i-want-to-run-qwen-3\logs\new-model-Gemma4-E4B-Uncensored-MAX-Opus4.7-Q4_K_M-weighted_grid_dijkstra.js:220:28) at Object.get (C:\Users\Admin\Documents\Codex\2026-05-18\i-want-to-run-qwen-3\logs\new-model-Gemma4-E4B-Uncensored-MAX-Opus4.7-Q4_K_M-weighted_grid_dijkstra.js:220:28)' | choose_longer_cheaper: expected '18', got 'Error processing input: RangeError: Maximum call stack size exceeded at Object.get (C:\Users\Admin\Documents\Codex\2026-05-18\i-want-to-run-qwen-3\logs\new-model-Gemma4-E4B-Uncensored-MAX-Opus4.7-Q4_K_M-weighted_grid_dijkstra.js:220:23) at Object.get (C:\Users\Admin\Documents\Codex\2026-05-18\i-want-to-run-qwen-3\logs\new-model-Gemma4-E4B-Uncensored-MAX-Opus4.7-Q4_K_M-weighted_grid_dijkstra.js:220:28) at Object.get (C:\Users\Admin\Documents\Codex\2026-05-18\i-want-to-run-qwen-3\logs\new-model-Gemma4-E4B-Uncensored-MAX-Opus4.7-Q4_K_M-weighted_grid_dijkstra.js:220:28) at Object.get (C:\Users\Admin\Documents\Codex\2026-05-18\i-want-to-run-qwen-3\logs\new-model-Gemma4-E4B-Uncensored-MAX-Opus4.7-Q4_K_M-weighted_grid_dijkstra.js:220:28) at Object.get (C:\Users\Admin\Documents\Codex\2026-05-18\i-want-to-run-qwen-3\logs\new-model-Gemma4-E4B-Uncensored-MAX-Opus4.7-Q4_K_M-weighted_grid_dijkstra.js:220:28) at Object.get (C:\Users\Admin\Documents\Codex\2026-05-18\i-want-to-run-qwen-3\logs\new-model-Gemma4-E4B-Uncensored-MAX-Opus4.7-Q4_K_M-weighted_grid_dijkstra.js:220:28) at Object.get (C:\Users\Admin\Documents\Codex\2026-05-18\i-want-to-run-qwen-3\logs\new-model-Gemma4-E4B-Uncensored-MAX-Opus4.7-Q4_K_M-weighted_grid_dijkstra.js:220:28) at Object.get (C:\Users\Admin\Documents\Codex\2026-05-18\i-want-to-run-qwen-3\logs\new-model-Gemma4-E4B-Uncensored-MAX-Opus4.7-Q4_K_M-weighted_grid_dijkstra.js:220:28) at Object.get (C:\Users\Admin\Documents\Codex\2026-05-18\i-want-to-run-qwen-3\logs\new-model-Gemma4-E4B-Uncensored-MAX-Opus4.7-Q4_K_M-weighted_grid_dijkstra.js:220:28) at Object.get (C:\Users\Admin\Documents\Codex\2026-05-18\i-want-to-run-qwen-3\logs\new-model-Gemma4-E4B-Uncensored-MAX-Opus4.7-Q4_K_M-weighted_grid_dijkstra.js:220:28)' | single_row: expected '6', got '-1' | around_wall: expected '11', got 'Error processing input: RangeError: Maximum call stack size exceeded at Object.get (C:\Users\Admin\Documents\Codex\2026-05-18\i-want-to-run-qwen-3\logs\new-model-Gemma4-E4B-Uncensored-MAX-Opus4.7-Q4_K_M-weighted_grid_dijkstra.js:220:23) at Object.get (C:\Users\Admin\Documents\Codex\2026-05-18\i-want-to-run-qwen-3\logs\new-model-Gemma4-E4B-Uncensored-MAX-Opus4.7-Q4_K_M-weighted_grid_dijkstra.js:220:28) at Object.get (C:\Users\Admin\Documents\Codex\2026-05-18\i-want-to-run-qwen-3\logs\new-model-Gemma4-E4B-Uncensored-MAX-Opus4.7-Q4_K_M-weighted_grid_dijkstra.js:220:28) at Object.get (C:\Users\Admin\Documents\Codex\2026-05-18\i-want-to-run-qwen-3\logs\new-model-Gemma4-E4B-Uncensored-MAX-Opus4.7-Q4_K_M-weighted_grid_dijkstra.js:220:28) at Object.get (C:\Users\Admin\Documents\Codex\2026-05-18\i-want-to-run-qwen-3\logs\new-model-Gemma4-E4B-Uncensored-MAX-Opus4.7-Q4_K_M-weighted_grid_dijkstra.js:220:28) at Object.get (C:\Users\Admin\Documents\Codex\2026-05-18\i-want-to-run-qwen-3\logs\new-model-Gemma4-E4B-Uncensored-MAX-Opus4.7-Q4_K_M-weighted_grid_dijkstra.js:220:28) at Object.get (C:\Users\Admin\Documents\Codex\2026-05-18\i-want-to-run-qwen-3\logs\new-model-Gemma4-E4B-Uncensored-MAX-Opus4.7-Q4_K_M-weighted_grid_dijkstra.js:220:28) at Object.get (C:\Users\Admin\Documents\Codex\2026-05-18\i-want-to-run-qwen-3\logs\new-model-Gemma4-E4B-Uncensored-MAX-Opus4.7-Q4_K_M-weighted_grid_dijkstra.js:220:28) at Object.get (C:\Users\Admin\Documents\Codex\2026-05-18\i-want-to-run-qwen-3\logs\new-model-Gemma4-E4B-Uncensored-MAX-Opus4.7-Q4_K_M-weighted_grid_dijkstra.js:220:28) at Object.get (C:\Users\Admin\Documents\Codex\2026-05-18\i-want-to-run-qwen-3\logs\new-model-Gemma4-E4B-Uncensored-MAX-Opus4.7-Q4_K_M-weighted_grid_dijkstra.js:220:28)'","C:\Users\Admin\Documents\Codex\2026-05-18\i-want-to-run-qwen-3\logs\new-model-Gemma4-E4B-Uncensored-MAX-Opus4.7-Q4_K_M-weighted_grid_dijkstra.response.json"
"2026-05-24T23:57:24","Gemma4-E4B-Uncensored-MAX-Opus4.7-Q4_K_M","code:topological_scheduler","0","6","8554.66","1184.2467639768659","47.203691836801234","172","3809","simple: expected 'a b c d', got 'file:///C:/Users/Admin/Documents/Codex/2026-05-18/i-want-to-run-qwen-3/logs/new-model-Gemma4-E4B-Uncensored-MAX-Opus4.7-Q4_K_M-topological_scheduler.js:2 Object.defineProperty(exports, ""__esModule"", { value: true }); ^ ReferenceError: Cannot determine intended module format because both 'exports' and top-level await are present. If the code is intended to be CommonJS, wrap await in an async function. If the code is intended to be an ES module, use export instead of module.exports/exports. at file:///C:/Users/Admin/Documents/Codex/2026-05-18/i-want-to-run-qwen-3/logs/new-model-Gemma4-E4B-Uncensored-MAX-Opus4.7-Q4_K_M-topological_scheduler.js:2:23 at ModuleJob.run (node:internal/modules/esm/module_job:430:25) at async onImport.tracePromise.__proto__ (node:internal/modules/esm/loader:661:26) at async asyncRunEntryPointWithESMLoader (node:internal/modules/run_main:101:5) { code: 'ERR_AMBIGUOUS_MODULE_SYNTAX' } Node.js v24.14.0' | lexicographic: expected 'a b c m z', got 'file:///C:/Users/Admin/Documents/Codex/2026-05-18/i-want-to-run-qwen-3/logs/new-model-Gemma4-E4B-Uncensored-MAX-Opus4.7-Q4_K_M-topological_scheduler.js:2 Object.defineProperty(exports, ""__esModule"", { value: true }); ^ ReferenceError: Cannot determine intended module format because both 'exports' and top-level await are present. If the code is intended to be CommonJS, wrap await in an async function. If the code is intended to be an ES module, use export instead of module.exports/exports. at file:///C:/Users/Admin/Documents/Codex/2026-05-18/i-want-to-run-qwen-3/logs/new-model-Gemma4-E4B-Uncensored-MAX-Opus4.7-Q4_K_M-topological_scheduler.js:2:23 at ModuleJob.run (node:internal/modules/esm/module_job:430:25) at async onImport.tracePromise.__proto__ (node:internal/modules/esm/loader:661:26) at async asyncRunEntryPointWithESMLoader (node:internal/modules/run_main:101:5) { code: 'ERR_AMBIGUOUS_MODULE_SYNTAX' } Node.js v24.14.0' | cycle: expected 'IMPOSSIBLE', got 'file:///C:/Users/Admin/Documents/Codex/2026-05-18/i-want-to-run-qwen-3/logs/new-model-Gemma4-E4B-Uncensored-MAX-Opus4.7-Q4_K_M-topological_scheduler.js:2 Object.defineProperty(exports, ""__esModule"", { value: true }); ^ ReferenceError: Cannot determine intended module format because both 'exports' and top-level await are present. If the code is intended to be CommonJS, wrap await in an async function. If the code is intended to be an ES module, use export instead of module.exports/exports. at file:///C:/Users/Admin/Documents/Codex/2026-05-18/i-want-to-run-qwen-3/logs/new-model-Gemma4-E4B-Uncensored-MAX-Opus4.7-Q4_K_M-topological_scheduler.js:2:23 at ModuleJob.run (node:internal/modules/esm/module_job:430:25) at async onImport.tracePromise.__proto__ (node:internal/modules/esm/loader:661:26) at async asyncRunEntryPointWithESMLoader (node:internal/modules/run_main:101:5) { code: 'ERR_AMBIGUOUS_MODULE_SYNTAX' } Node.js v24.14.0' | independent: expected 'a b c d', got 'file:///C:/Users/Admin/Documents/Codex/2026-05-18/i-want-to-run-qwen-3/logs/new-model-Gemma4-E4B-Uncensored-MAX-Opus4.7-Q4_K_M-topological_scheduler.js:2 Object.defineProperty(exports, ""__esModule"", { value: true }); ^ ReferenceError: Cannot determine intended module format because both 'exports' and top-level await are present. If the code is intended to be CommonJS, wrap await in an async function. If the code is intended to be an ES module, use export instead of module.exports/exports. at file:///C:/Users/Admin/Documents/Codex/2026-05-18/i-want-to-run-qwen-3/logs/new-model-Gemma4-E4B-Uncensored-MAX-Opus4.7-Q4_K_M-topological_scheduler.js:2:23 at ModuleJob.run (node:internal/modules/esm/module_job:430:25) at async onImport.tracePromise.__proto__ (node:internal/modules/esm/loader:661:26) at async asyncRunEntryPointWithESMLoader (node:internal/modules/run_main:101:5) { code: 'ERR_AMBIGUOUS_MODULE_SYNTAX' } Node.js v24.14.0' | diamond: expected 'build lint test package deploy', got 'file:///C:/Users/Admin/Documents/Codex/2026-05-18/i-want-to-run-qwen-3/logs/new-model-Gemma4-E4B-Uncensored-MAX-Opus4.7-Q4_K_M-topological_scheduler.js:2 Object.defineProperty(exports, ""__esModule"", { value: true }); ^ ReferenceError: Cannot determine intended module format because both 'exports' and top-level await are present. If the code is intended to be CommonJS, wrap await in an async function. If the code is intended to be an ES module, use export instead of module.exports/exports. at file:///C:/Users/Admin/Documents/Codex/2026-05-18/i-want-to-run-qwen-3/logs/new-model-Gemma4-E4B-Uncensored-MAX-Opus4.7-Q4_K_M-topological_scheduler.js:2:23 at ModuleJob.run (node:internal/modules/esm/module_job:430:25) at async onImport.tracePromise.__proto__ (node:internal/modules/esm/loader:661:26) at async asyncRunEntryPointWithESMLoader (node:internal/modules/run_main:101:5) { code: 'ERR_AMBIGUOUS_MODULE_SYNTAX' } Node.js v24.14.0' | duplicate_edges: expected 'a b c', got 'file:///C:/Users/Admin/Documents/Codex/2026-05-18/i-want-to-run-qwen-3/logs/new-model-Gemma4-E4B-Uncensored-MAX-Opus4.7-Q4_K_M-topological_scheduler.js:2 Object.defineProperty(exports, ""__esModule"", { value: true }); ^ ReferenceError: Cannot determine intended module format because both 'exports' and top-level await are present. If the code is intended to be CommonJS, wrap await in an async function. If the code is intended to be an ES module, use export instead of module.exports/exports. at file:///C:/Users/Admin/Documents/Codex/2026-05-18/i-want-to-run-qwen-3/logs/new-model-Gemma4-E4B-Uncensored-MAX-Opus4.7-Q4_K_M-topological_scheduler.js:2:23 at ModuleJob.run (node:internal/modules/esm/module_job:430:25) at async onImport.tracePromise.__proto__ (node:internal/modules/esm/loader:661:26) at async asyncRunEntryPointWithESMLoader (node:internal/modules/run_main:101:5) { code: 'ERR_AMBIGUOUS_MODULE_SYNTAX' } Node.js v24.14.0'","C:\Users\Admin\Documents\Codex\2026-05-18\i-want-to-run-qwen-3\logs\new-model-Gemma4-E4B-Uncensored-MAX-Opus4.7-Q4_K_M-topological_scheduler.response.json"
"2026-05-24T23:57:45","Gemma4-E4B-Uncensored-MAX-Opus4.7-Q5_K_M","text","","","8971.46","482.335917555851","47.65014962333115","41","256","","C:\Users\Admin\Documents\Codex\2026-05-18\i-want-to-run-qwen-3\logs\new-model-Gemma4-E4B-Uncensored-MAX-Opus4.7-Q5_K_M-text.response.json"
"2026-05-24T23:57:51","Gemma4-E4B-Uncensored-MAX-Opus4.7-Q5_K_M","vision","1","1","8971.46","339.06866832510457","44.1549839938183","294","256","Thinking Process:

1.  **Analyze the image:** The image contains three main elements against a plain white background.
    *   A large, solid red square on the left.
    *   A large, solid blue circle on the right.
    *   The text ""QWEN"" in bold black font centered below the two shapes.

2.  **Identify shapes and colors exactly:**
    *   Shape 1: Square (square, not rectangle). Color: Red (solid, bright).
    *   Shape 2: Circle (perfect circle). Color: Blue (solid, royal/medium blue).
    *   Text: ""QWEN"" (black, bold, sans-serif).

3.  **Synthesize a single descriptive sentence (following the prompt's constraints):** The sentence must be concise and include all the specified details (shapes, colors, text).

4.  **Drafting and refining:**
    *   *Draft 1:* A large red square is on the left, and a large blue circle is on the right, with the text ""QWEN"" in bold black underneath. (Accurate, flows well.)
    *   *Review","C:\Users\Admin\Documents\Codex\2026-05-18\i-want-to-run-qwen-3\logs\new-model-Gemma4-E4B-Uncensored-MAX-Opus4.7-Q5_K_M-vision.response.json"
"2026-05-24T23:57:54","Gemma4-E4B-Uncensored-MAX-Opus4.7-Q5_K_M","tool","1","1","8971.46","514.0430604186844","44.87658937920718","69","117","","C:\Users\Admin\Documents\Codex\2026-05-18\i-want-to-run-qwen-3\logs\new-model-Gemma4-E4B-Uncensored-MAX-Opus4.7-Q5_K_M-tool.response.json"
"2026-05-24T23:58:42","Gemma4-E4B-Uncensored-MAX-Opus4.7-Q5_K_M","code:lru_cache","0","6","8971.46","899.6624692903677","43.264387223134385","286","2003","evict_update_get: expected '1 -1 4 a c', got 'Error reading input: TypeError: Cannot set property size of #<LRUCache> which has only a getter at new LRUCache (C:\Users\Admin\Documents\Codex\2026-05-18\i-want-to-run-qwen-3\logs\new-model-Gemma4-E4B-Uncensored-MAX-Opus4.7-Q5_K_M-lru_cache.js:42:19) at solve (C:\Users\Admin\Documents\Codex\2026-05-18\i-want-to-run-qwen-3\logs\new-model-Gemma4-E4B-Uncensored-MAX-Opus4.7-Q5_K_M-lru_cache.js:176:19) at Object.<anonymous> (C:\Users\Admin\Documents\Codex\2026-05-18\i-want-to-run-qwen-3\logs\new-model-Gemma4-E4B-Uncensored-MAX-Opus4.7-Q5_K_M-lru_cache.js:212:5) at Module._compile (node:internal/modules/cjs/loader:1812:14) at Object..js (node:internal/modules/cjs/loader:1943:10) at Module.load (node:internal/modules/cjs/loader:1533:32) at Module._load (node:internal/modules/cjs/loader:1335:12) at wrapModuleLoad (node:internal/modules/cjs/loader:255:19) at Module.executeUserEntryPoint [as runMain] (node:internal/modules/run_main:154:5) at node:internal/main/run_main_module:33:47' | delete_and_empty_gets: expected '-1 20 EMPTY', got 'Error reading input: TypeError: Cannot set property size of #<LRUCache> which has only a getter at new LRUCache (C:\Users\Admin\Documents\Codex\2026-05-18\i-want-to-run-qwen-3\logs\new-model-Gemma4-E4B-Uncensored-MAX-Opus4.7-Q5_K_M-lru_cache.js:42:19) at solve (C:\Users\Admin\Documents\Codex\2026-05-18\i-want-to-run-qwen-3\logs\new-model-Gemma4-E4B-Uncensored-MAX-Opus4.7-Q5_K_M-lru_cache.js:176:19) at Object.<anonymous> (C:\Users\Admin\Documents\Codex\2026-05-18\i-want-to-run-qwen-3\logs\new-model-Gemma4-E4B-Uncensored-MAX-Opus4.7-Q5_K_M-lru_cache.js:212:5) at Module._compile (node:internal/modules/cjs/loader:1812:14) at Object..js (node:internal/modules/cjs/loader:1943:10) at Module.load (node:internal/modules/cjs/loader:1533:32) at Module._load (node:internal/modules/cjs/loader:1335:12) at wrapModuleLoad (node:internal/modules/cjs/loader:255:19) at Module.executeUserEntryPoint [as runMain] (node:internal/modules/run_main:154:5) at node:internal/main/run_main_module:33:47' | capacity_one: expected '-1 2 -1 3 -1 c', got 'Error reading input: TypeError: Cannot set property size of #<LRUCache> which has only a getter at new LRUCache (C:\Users\Admin\Documents\Codex\2026-05-18\i-want-to-run-qwen-3\logs\new-model-Gemma4-E4B-Uncensored-MAX-Opus4.7-Q5_K_M-lru_cache.js:42:19) at solve (C:\Users\Admin\Documents\Codex\2026-05-18\i-want-to-run-qwen-3\logs\new-model-Gemma4-E4B-Uncensored-MAX-Opus4.7-Q5_K_M-lru_cache.js:176:19) at Object.<anonymous> (C:\Users\Admin\Documents\Codex\2026-05-18\i-want-to-run-qwen-3\logs\new-model-Gemma4-E4B-Uncensored-MAX-Opus4.7-Q5_K_M-lru_cache.js:212:5) at Module._compile (node:internal/modules/cjs/loader:1812:14) at Object..js (node:internal/modules/cjs/loader:1943:10) at Module.load (node:internal/modules/cjs/loader:1533:32) at Module._load (node:internal/modules/cjs/loader:1335:12) at wrapModuleLoad (node:internal/modules/cjs/loader:255:19) at Module.executeUserEntryPoint [as runMain] (node:internal/modules/run_main:154:5) at node:internal/main/run_main_module:33:47' | no_gets: expected 'EMPTY k1 k3', got 'Error reading input: TypeError: Cannot set property size of #<LRUCache> which has only a getter at new LRUCache (C:\Users\Admin\Documents\Codex\2026-05-18\i-want-to-run-qwen-3\logs\new-model-Gemma4-E4B-Uncensored-MAX-Opus4.7-Q5_K_M-lru_cache.js:42:19) at solve (C:\Users\Admin\Documents\Codex\2026-05-18\i-want-to-run-qwen-3\logs\new-model-Gemma4-E4B-Uncensored-MAX-Opus4.7-Q5_K_M-lru_cache.js:176:19) at Object.<anonymous> (C:\Users\Admin\Documents\Codex\2026-05-18\i-want-to-run-qwen-3\logs\new-model-Gemma4-E4B-Uncensored-MAX-Opus4.7-Q5_K_M-lru_cache.js:212:5) at Module._compile (node:internal/modules/cjs/loader:1812:14) at Object..js (node:internal/modules/cjs/loader:1943:10) at Module.load (node:internal/modules/cjs/loader:1533:32) at Module._load (node:internal/modules/cjs/loader:1335:12) at wrapModuleLoad (node:internal/modules/cjs/loader:255:19) at Module.executeUserEntryPoint [as runMain] (node:internal/modules/run_main:154:5) at node:internal/main/run_main_module:33:47' | string_keys: expected '1 -1 3 4 1 aa dd cc', got 'Error reading input: TypeError: Cannot set property size of #<LRUCache> which has only a getter at new LRUCache (C:\Users\Admin\Documents\Codex\2026-05-18\i-want-to-run-qwen-3\logs\new-model-Gemma4-E4B-Uncensored-MAX-Opus4.7-Q5_K_M-lru_cache.js:42:19) at solve (C:\Users\Admin\Documents\Codex\2026-05-18\i-want-to-run-qwen-3\logs\new-model-Gemma4-E4B-Uncensored-MAX-Opus4.7-Q5_K_M-lru_cache.js:176:19) at Object.<anonymous> (C:\Users\Admin\Documents\Codex\2026-05-18\i-want-to-run-qwen-3\logs\new-model-Gemma4-E4B-Uncensored-MAX-Opus4.7-Q5_K_M-lru_cache.js:212:5) at Module._compile (node:internal/modules/cjs/loader:1812:14) at Object..js (node:internal/modules/cjs/loader:1943:10) at Module.load (node:internal/modules/cjs/loader:1533:32) at Module._load (node:internal/modules/cjs/loader:1335:12) at wrapModuleLoad (node:internal/modules/cjs/loader:255:19) at Module.executeUserEntryPoint [as runMain] (node:internal/modules/run_main:154:5) at node:internal/main/run_main_module:33:47' | update_existing: expected '9 -1 a c', got 'Error reading input: TypeError: Cannot set property size of #<LRUCache> which has only a getter at new LRUCache (C:\Users\Admin\Documents\Codex\2026-05-18\i-want-to-run-qwen-3\logs\new-model-Gemma4-E4B-Uncensored-MAX-Opus4.7-Q5_K_M-lru_cache.js:42:19) at solve (C:\Users\Admin\Documents\Codex\2026-05-18\i-want-to-run-qwen-3\logs\new-model-Gemma4-E4B-Uncensored-MAX-Opus4.7-Q5_K_M-lru_cache.js:176:19) at Object.<anonymous> (C:\Users\Admin\Documents\Codex\2026-05-18\i-want-to-run-qwen-3\logs\new-model-Gemma4-E4B-Uncensored-MAX-Opus4.7-Q5_K_M-lru_cache.js:212:5) at Module._compile (node:internal/modules/cjs/loader:1812:14) at Object..js (node:internal/modules/cjs/loader:1943:10) at Module.load (node:internal/modules/cjs/loader:1533:32) at Module._load (node:internal/modules/cjs/loader:1335:12) at wrapModuleLoad (node:internal/modules/cjs/loader:255:19) at Module.executeUserEntryPoint [as runMain] (node:internal/modules/run_main:154:5) at node:internal/main/run_main_module:33:47'","C:\Users\Admin\Documents\Codex\2026-05-18\i-want-to-run-qwen-3\logs\new-model-Gemma4-E4B-Uncensored-MAX-Opus4.7-Q5_K_M-lru_cache.response.json"
"2026-05-25T00:00:05","Gemma4-E4B-Uncensored-MAX-Opus4.7-Q5_K_M","code:expression_parser","0","7","8971.46","944.7926180203445","43.37912098995273","150","2043","precedence: expected '14', got 'TIMEOUT after 5s' | paren_unary: expected '-20', got 'TIMEOUT after 5s' | trunc_zero: expected '0', got 'TIMEOUT after 5s' | nested: expected '31', got 'TIMEOUT after 5s' | unary_chain: expected '-1', got 'TIMEOUT after 5s' | spaces: expected '10', got 'TIMEOUT after 5s' | left_assoc: expected '3', got 'TIMEOUT after 5s'","C:\Users\Admin\Documents\Codex\2026-05-18\i-want-to-run-qwen-3\logs\new-model-Gemma4-E4B-Uncensored-MAX-Opus4.7-Q5_K_M-expression_parser.response.json"
"2026-05-25T00:00:58","Gemma4-E4B-Uncensored-MAX-Opus4.7-Q5_K_M","code:weighted_grid_dijkstra","0","6","8971.46","1082.614701161011","43.53114587146496","174","2231","basic: expected '4', got 'C:\Users\Admin\Documents\Codex\2026-05-18\i-want-to-run-qwen-3\logs\new-model-Gemma4-E4B-Uncensored-MAX-Opus4.7-Q5_K_M-weighted_grid_dijkstra.js:101 const min = this.heap.pop(); ^ SyntaxError: Identifier 'min' has already been declared at wrapSafe (node:internal/modules/cjs/loader:1743:18) at Module._compile (node:internal/modules/cjs/loader:1786:20) at Object..js (node:internal/modules/cjs/loader:1943:10) at Module.load (node:internal/modules/cjs/loader:1533:32) at Module._load (node:internal/modules/cjs/loader:1335:12) at wrapModuleLoad (node:internal/modules/cjs/loader:255:19) at Module.executeUserEntryPoint [as runMain] (node:internal/modules/run_main:154:5) at node:internal/main/run_main_module:33:47 Node.js v24.14.0' | unreachable: expected '-1', got 'C:\Users\Admin\Documents\Codex\2026-05-18\i-want-to-run-qwen-3\logs\new-model-Gemma4-E4B-Uncensored-MAX-Opus4.7-Q5_K_M-weighted_grid_dijkstra.js:101 const min = this.heap.pop(); ^ SyntaxError: Identifier 'min' has already been declared at wrapSafe (node:internal/modules/cjs/loader:1743:18) at Module._compile (node:internal/modules/cjs/loader:1786:20) at Object..js (node:internal/modules/cjs/loader:1943:10) at Module.load (node:internal/modules/cjs/loader:1533:32) at Module._load (node:internal/modules/cjs/loader:1335:12) at wrapModuleLoad (node:internal/modules/cjs/loader:255:19) at Module.executeUserEntryPoint [as runMain] (node:internal/modules/run_main:154:5) at node:internal/main/run_main_module:33:47 Node.js v24.14.0' | zero_corridor: expected '0', got 'C:\Users\Admin\Documents\Codex\2026-05-18\i-want-to-run-qwen-3\logs\new-model-Gemma4-E4B-Uncensored-MAX-Opus4.7-Q5_K_M-weighted_grid_dijkstra.js:101 const min = this.heap.pop(); ^ SyntaxError: Identifier 'min' has already been declared at wrapSafe (node:internal/modules/cjs/loader:1743:18) at Module._compile (node:internal/modules/cjs/loader:1786:20) at Object..js (node:internal/modules/cjs/loader:1943:10) at Module.load (node:internal/modules/cjs/loader:1533:32) at Module._load (node:internal/modules/cjs/loader:1335:12) at wrapModuleLoad (node:internal/modules/cjs/loader:255:19) at Module.executeUserEntryPoint [as runMain] (node:internal/modules/run_main:154:5) at node:internal/main/run_main_module:33:47 Node.js v24.14.0' | choose_longer_cheaper: expected '18', got 'C:\Users\Admin\Documents\Codex\2026-05-18\i-want-to-run-qwen-3\logs\new-model-Gemma4-E4B-Uncensored-MAX-Opus4.7-Q5_K_M-weighted_grid_dijkstra.js:101 const min = this.heap.pop(); ^ SyntaxError: Identifier 'min' has already been declared at wrapSafe (node:internal/modules/cjs/loader:1743:18) at Module._compile (node:internal/modules/cjs/loader:1786:20) at Object..js (node:internal/modules/cjs/loader:1943:10) at Module.load (node:internal/modules/cjs/loader:1533:32) at Module._load (node:internal/modules/cjs/loader:1335:12) at wrapModuleLoad (node:internal/modules/cjs/loader:255:19) at Module.executeUserEntryPoint [as runMain] (node:internal/modules/run_main:154:5) at node:internal/main/run_main_module:33:47 Node.js v24.14.0' | single_row: expected '6', got 'C:\Users\Admin\Documents\Codex\2026-05-18\i-want-to-run-qwen-3\logs\new-model-Gemma4-E4B-Uncensored-MAX-Opus4.7-Q5_K_M-weighted_grid_dijkstra.js:101 const min = this.heap.pop(); ^ SyntaxError: Identifier 'min' has already been declared at wrapSafe (node:internal/modules/cjs/loader:1743:18) at Module._compile (node:internal/modules/cjs/loader:1786:20) at Object..js (node:internal/modules/cjs/loader:1943:10) at Module.load (node:internal/modules/cjs/loader:1533:32) at Module._load (node:internal/modules/cjs/loader:1335:12) at wrapModuleLoad (node:internal/modules/cjs/loader:255:19) at Module.executeUserEntryPoint [as runMain] (node:internal/modules/run_main:154:5) at node:internal/main/run_main_module:33:47 Node.js v24.14.0' | around_wall: expected '11', got 'C:\Users\Admin\Documents\Codex\2026-05-18\i-want-to-run-qwen-3\logs\new-model-Gemma4-E4B-Uncensored-MAX-Opus4.7-Q5_K_M-weighted_grid_dijkstra.js:101 const min = this.heap.pop(); ^ SyntaxError: Identifier 'min' has already been declared at wrapSafe (node:internal/modules/cjs/loader:1743:18) at Module._compile (node:internal/modules/cjs/loader:1786:20) at Object..js (node:internal/modules/cjs/loader:1943:10) at Module.load (node:internal/modules/cjs/loader:1533:32) at Module._load (node:internal/modules/cjs/loader:1335:12) at wrapModuleLoad (node:internal/modules/cjs/loader:255:19) at Module.executeUserEntryPoint [as runMain] (node:internal/modules/run_main:154:5) at node:internal/main/run_main_module:33:47 Node.js v24.14.0'","C:\Users\Admin\Documents\Codex\2026-05-18\i-want-to-run-qwen-3\logs\new-model-Gemma4-E4B-Uncensored-MAX-Opus4.7-Q5_K_M-weighted_grid_dijkstra.response.json"
"2026-05-25T00:02:03","Gemma4-E4B-Uncensored-MAX-Opus4.7-Q5_K_M","code:topological_scheduler","0","6","8971.46","1078.2009089484407","43.20951697589751","172","2735","simple: expected 'a b c d', got 'C:\Users\Admin\Documents\Codex\2026-05-18\i-want-to-run-qwen-3\logs\new-model-Gemma4-E4B-Uncensored-MAX-Opus4.7-Q5_K_M-topological_scheduler.js:49 this.heap[this.getRightChildIndex(currentIndex)] ?? '' ^^ SyntaxError: Unexpected token '??' at wrapSafe (node:internal/modules/cjs/loader:1743:18) at Module._compile (node:internal/modules/cjs/loader:1786:20) at Object..js (node:internal/modules/cjs/loader:1943:10) at Module.load (node:internal/modules/cjs/loader:1533:32) at Module._load (node:internal/modules/cjs/loader:1335:12) at wrapModuleLoad (node:internal/modules/cjs/loader:255:19) at Module.executeUserEntryPoint [as runMain] (node:internal/modules/run_main:154:5) at node:internal/main/run_main_module:33:47 Node.js v24.14.0' | lexicographic: expected 'a b c m z', got 'C:\Users\Admin\Documents\Codex\2026-05-18\i-want-to-run-qwen-3\logs\new-model-Gemma4-E4B-Uncensored-MAX-Opus4.7-Q5_K_M-topological_scheduler.js:49 this.heap[this.getRightChildIndex(currentIndex)] ?? '' ^^ SyntaxError: Unexpected token '??' at wrapSafe (node:internal/modules/cjs/loader:1743:18) at Module._compile (node:internal/modules/cjs/loader:1786:20) at Object..js (node:internal/modules/cjs/loader:1943:10) at Module.load (node:internal/modules/cjs/loader:1533:32) at Module._load (node:internal/modules/cjs/loader:1335:12) at wrapModuleLoad (node:internal/modules/cjs/loader:255:19) at Module.executeUserEntryPoint [as runMain] (node:internal/modules/run_main:154:5) at node:internal/main/run_main_module:33:47 Node.js v24.14.0' | cycle: expected 'IMPOSSIBLE', got 'C:\Users\Admin\Documents\Codex\2026-05-18\i-want-to-run-qwen-3\logs\new-model-Gemma4-E4B-Uncensored-MAX-Opus4.7-Q5_K_M-topological_scheduler.js:49 this.heap[this.getRightChildIndex(currentIndex)] ?? '' ^^ SyntaxError: Unexpected token '??' at wrapSafe (node:internal/modules/cjs/loader:1743:18) at Module._compile (node:internal/modules/cjs/loader:1786:20) at Object..js (node:internal/modules/cjs/loader:1943:10) at Module.load (node:internal/modules/cjs/loader:1533:32) at Module._load (node:internal/modules/cjs/loader:1335:12) at wrapModuleLoad (node:internal/modules/cjs/loader:255:19) at Module.executeUserEntryPoint [as runMain] (node:internal/modules/run_main:154:5) at node:internal/main/run_main_module:33:47 Node.js v24.14.0' | independent: expected 'a b c d', got 'C:\Users\Admin\Documents\Codex\2026-05-18\i-want-to-run-qwen-3\logs\new-model-Gemma4-E4B-Uncensored-MAX-Opus4.7-Q5_K_M-topological_scheduler.js:49 this.heap[this.getRightChildIndex(currentIndex)] ?? '' ^^ SyntaxError: Unexpected token '??' at wrapSafe (node:internal/modules/cjs/loader:1743:18) at Module._compile (node:internal/modules/cjs/loader:1786:20) at Object..js (node:internal/modules/cjs/loader:1943:10) at Module.load (node:internal/modules/cjs/loader:1533:32) at Module._load (node:internal/modules/cjs/loader:1335:12) at wrapModuleLoad (node:internal/modules/cjs/loader:255:19) at Module.executeUserEntryPoint [as runMain] (node:internal/modules/run_main:154:5) at node:internal/main/run_main_module:33:47 Node.js v24.14.0' | diamond: expected 'build lint test package deploy', got 'C:\Users\Admin\Documents\Codex\2026-05-18\i-want-to-run-qwen-3\logs\new-model-Gemma4-E4B-Uncensored-MAX-Opus4.7-Q5_K_M-topological_scheduler.js:49 this.heap[this.getRightChildIndex(currentIndex)] ?? '' ^^ SyntaxError: Unexpected token '??' at wrapSafe (node:internal/modules/cjs/loader:1743:18) at Module._compile (node:internal/modules/cjs/loader:1786:20) at Object..js (node:internal/modules/cjs/loader:1943:10) at Module.load (node:internal/modules/cjs/loader:1533:32) at Module._load (node:internal/modules/cjs/loader:1335:12) at wrapModuleLoad (node:internal/modules/cjs/loader:255:19) at Module.executeUserEntryPoint [as runMain] (node:internal/modules/run_main:154:5) at node:internal/main/run_main_module:33:47 Node.js v24.14.0' | duplicate_edges: expected 'a b c', got 'C:\Users\Admin\Documents\Codex\2026-05-18\i-want-to-run-qwen-3\logs\new-model-Gemma4-E4B-Uncensored-MAX-Opus4.7-Q5_K_M-topological_scheduler.js:49 this.heap[this.getRightChildIndex(currentIndex)] ?? '' ^^ SyntaxError: Unexpected token '??' at wrapSafe (node:internal/modules/cjs/loader:1743:18) at Module._compile (node:internal/modules/cjs/loader:1786:20) at Object..js (node:internal/modules/cjs/loader:1943:10) at Module.load (node:internal/modules/cjs/loader:1533:32) at Module._load (node:internal/modules/cjs/loader:1335:12) at wrapModuleLoad (node:internal/modules/cjs/loader:255:19) at Module.executeUserEntryPoint [as runMain] (node:internal/modules/run_main:154:5) at node:internal/main/run_main_module:33:47 Node.js v24.14.0'","C:\Users\Admin\Documents\Codex\2026-05-18\i-want-to-run-qwen-3\logs\new-model-Gemma4-E4B-Uncensored-MAX-Opus4.7-Q5_K_M-topological_scheduler.response.json"
"2026-05-25T00:02:32","GPT-OSS-20B-Hermes-Agent-Tool-Q4_K_M","text","","","18086.73","498.79685812792223","65.28943367027102","91","256","","C:\Users\Admin\Documents\Codex\2026-05-18\i-want-to-run-qwen-3\logs\new-model-GPT-OSS-20B-Hermes-Agent-Tool-Q4_K_M-text.response.json"
"2026-05-25T00:02:32","GPT-OSS-20B-Hermes-Agent-Tool-Q4_K_M","vision","N/A","N/A","18086.73","","","","","no mmproj in repo",""
"2026-05-25T00:02:32","GPT-OSS-20B-Hermes-Agent-Tool-Q4_K_M","tool","1","1","18086.73","383.0213509850524","52.00777379355651","78","19","","C:\Users\Admin\Documents\Codex\2026-05-18\i-want-to-run-qwen-3\logs\new-model-GPT-OSS-20B-Hermes-Agent-Tool-Q4_K_M-tool.response.json"
"2026-05-25T00:02:58","GPT-OSS-20B-Hermes-Agent-Tool-Q4_K_M","error","0","0","","","","","","The remote server returned an error: (500) Internal Server Error.","C:\Users\Admin\Documents\Codex\2026-05-18\i-want-to-run-qwen-3\logs\new-model-GPT-OSS-20B-Hermes-Agent-Tool-Q4_K_M-server.err.log"
"2026-05-25T00:03:22","GPT-OSS-20B-Hermes-Agent-Tool-Q5_K_M","text","","","19080.79","493.50311286578886","61.96373233700816","91","256","","C:\Users\Admin\Documents\Codex\2026-05-18\i-want-to-run-qwen-3\logs\new-model-GPT-OSS-20B-Hermes-Agent-Tool-Q5_K_M-text.response.json"
"2026-05-25T00:03:22","GPT-OSS-20B-Hermes-Agent-Tool-Q5_K_M","vision","N/A","N/A","19080.79","","","","","no mmproj in repo",""
"2026-05-25T00:03:22","GPT-OSS-20B-Hermes-Agent-Tool-Q5_K_M","tool","1","1","19080.79","378.13598351714944","49.86690286164784","78","21","","C:\Users\Admin\Documents\Codex\2026-05-18\i-want-to-run-qwen-3\logs\new-model-GPT-OSS-20B-Hermes-Agent-Tool-Q5_K_M-tool.response.json"
"2026-05-25T00:03:42","GPT-OSS-20B-Hermes-Agent-Tool-Q5_K_M","error","0","0","","","","","","The remote server returned an error: (500) Internal Server Error.","C:\Users\Admin\Documents\Codex\2026-05-18\i-want-to-run-qwen-3\logs\new-model-GPT-OSS-20B-Hermes-Agent-Tool-Q5_K_M-server.err.log"
