variant,backend_mode,run_id,run_json,model_id,provider,harness,suite_name,task_id,trial_index,trial_warmup,trial_passed,trial_score,trial_latency_ms,trial_tokens_generated,trial_tokens_prompt,trial_error,trial_speed_metrics_ttft_ms,trial_speed_metrics_prompt_eval_tok_per_sec,trial_speed_metrics_generation_tok_per_sec,trial_speed_metrics_total_latency_ms
qat_latest_llamacpp_all_suites_temp1_top_p095_top_k64,Metal,2026-06-05T23-49-38-780381-00-00-gemma-4-12B-it-qat-UD-Q4_K_XL,results/benchloop/qat-latest-llamacpp-all-suites-temp1-top_p095-top_k64/run-json/gemma-4-12B-it-qat-UD-Q4_K_XL.run.json,gemma-4-12B-it-qat-UD-Q4_K_XL,openai_compat,raw,speed,speed-short-001,1,true,true,46.32,812.0007079996867,10,19,,0,0,12.315260198029112,812.0007079996867
qat_latest_llamacpp_all_suites_temp1_top_p095_top_k64,Metal,2026-06-05T23-49-38-780381-00-00-gemma-4-12B-it-qat-UD-Q4_K_XL,results/benchloop/qat-latest-llamacpp-all-suites-temp1-top_p095-top_k64/run-json/gemma-4-12B-it-qat-UD-Q4_K_XL.run.json,gemma-4-12B-it-qat-UD-Q4_K_XL,openai_compat,raw,speed,speed-short-001,2,false,true,47.3,769.2734159936663,10,19,,0,0,12.999279309662683,769.2734159936663
qat_latest_llamacpp_all_suites_temp1_top_p095_top_k64,Metal,2026-06-05T23-49-38-780381-00-00-gemma-4-12B-it-qat-UD-Q4_K_XL,results/benchloop/qat-latest-llamacpp-all-suites-temp1-top_p095-top_k64/run-json/gemma-4-12B-it-qat-UD-Q4_K_XL.run.json,gemma-4-12B-it-qat-UD-Q4_K_XL,openai_compat,raw,speed,speed-short-001,3,false,true,43.22,963.7717090081424,10,19,,0,0,10.375901166772593,963.7717090081424
qat_latest_llamacpp_all_suites_temp1_top_p095_top_k64,Metal,2026-06-05T23-49-38-780381-00-00-gemma-4-12B-it-qat-UD-Q4_K_XL,results/benchloop/qat-latest-llamacpp-all-suites-temp1-top_p095-top_k64/run-json/gemma-4-12B-it-qat-UD-Q4_K_XL.run.json,gemma-4-12B-it-qat-UD-Q4_K_XL,openai_compat,raw,speed,speed-short-002,1,true,true,49.56,2580.0385839975206,38,20,,0,0,14.728461905838117,2580.0385839975206
qat_latest_llamacpp_all_suites_temp1_top_p095_top_k64,Metal,2026-06-05T23-49-38-780381-00-00-gemma-4-12B-it-qat-UD-Q4_K_XL,results/benchloop/qat-latest-llamacpp-all-suites-temp1-top_p095-top_k64/run-json/gemma-4-12B-it-qat-UD-Q4_K_XL.run.json,gemma-4-12B-it-qat-UD-Q4_K_XL,openai_compat,raw,speed,speed-short-002,2,false,true,48.55,2728.110625001136,38,20,,0,0,13.929053921698712,2728.110625001136
qat_latest_llamacpp_all_suites_temp1_top_p095_top_k64,Metal,2026-06-05T23-49-38-780381-00-00-gemma-4-12B-it-qat-UD-Q4_K_XL,results/benchloop/qat-latest-llamacpp-all-suites-temp1-top_p095-top_k64/run-json/gemma-4-12B-it-qat-UD-Q4_K_XL.run.json,gemma-4-12B-it-qat-UD-Q4_K_XL,openai_compat,raw,speed,speed-short-002,3,false,true,50.58,2439.3251669971505,38,20,,0,0,15.578078935158377,2439.3251669971505
qat_latest_llamacpp_all_suites_temp1_top_p095_top_k64,Metal,2026-06-05T23-49-38-780381-00-00-gemma-4-12B-it-qat-UD-Q4_K_XL,results/benchloop/qat-latest-llamacpp-all-suites-temp1-top_p095-top_k64/run-json/gemma-4-12B-it-qat-UD-Q4_K_XL.run.json,gemma-4-12B-it-qat-UD-Q4_K_XL,openai_compat,raw,speed,speed-short-003,1,true,true,47.22,1932.3689579905476,25,23,,0,0,12.937487893614927,1932.3689579905476
qat_latest_llamacpp_all_suites_temp1_top_p095_top_k64,Metal,2026-06-05T23-49-38-780381-00-00-gemma-4-12B-it-qat-UD-Q4_K_XL,results/benchloop/qat-latest-llamacpp-all-suites-temp1-top_p095-top_k64/run-json/gemma-4-12B-it-qat-UD-Q4_K_XL.run.json,gemma-4-12B-it-qat-UD-Q4_K_XL,openai_compat,raw,speed,speed-short-003,2,false,true,50.42,1618.3580000069924,25,23,,0,0,15.447756306016334,1618.3580000069924
qat_latest_llamacpp_all_suites_temp1_top_p095_top_k64,Metal,2026-06-05T23-49-38-780381-00-00-gemma-4-12B-it-qat-UD-Q4_K_XL,results/benchloop/qat-latest-llamacpp-all-suites-temp1-top_p095-top_k64/run-json/gemma-4-12B-it-qat-UD-Q4_K_XL.run.json,gemma-4-12B-it-qat-UD-Q4_K_XL,openai_compat,raw,speed,speed-short-003,3,false,true,46.03,2062.9468749975786,25,23,,0,0,12.118586427500391,2062.9468749975786
qat_latest_llamacpp_all_suites_temp1_top_p095_top_k64,Metal,2026-06-05T23-49-38-780381-00-00-gemma-4-12B-it-qat-UD-Q4_K_XL,results/benchloop/qat-latest-llamacpp-all-suites-temp1-top_p095-top_k64/run-json/gemma-4-12B-it-qat-UD-Q4_K_XL.run.json,gemma-4-12B-it-qat-UD-Q4_K_XL,openai_compat,raw,speed,speed-medium-001,1,true,true,51.67,9668.893416004721,160,24,,0,0,16.547912270410933,9668.893416004721
qat_latest_llamacpp_all_suites_temp1_top_p095_top_k64,Metal,2026-06-05T23-49-38-780381-00-00-gemma-4-12B-it-qat-UD-Q4_K_XL,results/benchloop/qat-latest-llamacpp-all-suites-temp1-top_p095-top_k64/run-json/gemma-4-12B-it-qat-UD-Q4_K_XL.run.json,gemma-4-12B-it-qat-UD-Q4_K_XL,openai_compat,raw,speed,speed-medium-001,2,false,true,51.02,10022.748041999876,160,24,,0,0,15.963685740629934,10022.748041999876
qat_latest_llamacpp_all_suites_temp1_top_p095_top_k64,Metal,2026-06-05T23-49-38-780381-00-00-gemma-4-12B-it-qat-UD-Q4_K_XL,results/benchloop/qat-latest-llamacpp-all-suites-temp1-top_p095-top_k64/run-json/gemma-4-12B-it-qat-UD-Q4_K_XL.run.json,gemma-4-12B-it-qat-UD-Q4_K_XL,openai_compat,raw,speed,speed-medium-001,3,false,true,51.48,9772.74725001189,160,24,,0,0,16.3720595557002,9772.74725001189
qat_latest_llamacpp_all_suites_temp1_top_p095_top_k64,Metal,2026-06-05T23-49-38-780381-00-00-gemma-4-12B-it-qat-UD-Q4_K_XL,results/benchloop/qat-latest-llamacpp-all-suites-temp1-top_p095-top_k64/run-json/gemma-4-12B-it-qat-UD-Q4_K_XL.run.json,gemma-4-12B-it-qat-UD-Q4_K_XL,openai_compat,raw,speed,speed-medium-002,1,true,true,51.19,9926.250582997454,160,24,,0,0,16.11887576907054,9926.250582997454
qat_latest_llamacpp_all_suites_temp1_top_p095_top_k64,Metal,2026-06-05T23-49-38-780381-00-00-gemma-4-12B-it-qat-UD-Q4_K_XL,results/benchloop/qat-latest-llamacpp-all-suites-temp1-top_p095-top_k64/run-json/gemma-4-12B-it-qat-UD-Q4_K_XL.run.json,gemma-4-12B-it-qat-UD-Q4_K_XL,openai_compat,raw,speed,speed-medium-002,2,false,true,51.5,9762.366334005492,160,24,,0,0,16.38946895924895,9762.366334005492
qat_latest_llamacpp_all_suites_temp1_top_p095_top_k64,Metal,2026-06-05T23-49-38-780381-00-00-gemma-4-12B-it-qat-UD-Q4_K_XL,results/benchloop/qat-latest-llamacpp-all-suites-temp1-top_p095-top_k64/run-json/gemma-4-12B-it-qat-UD-Q4_K_XL.run.json,gemma-4-12B-it-qat-UD-Q4_K_XL,openai_compat,raw,speed,speed-medium-002,3,false,true,51.23,9905.488417003653,160,24,,0,0,16.15266135946873,9905.488417003653
qat_latest_llamacpp_all_suites_temp1_top_p095_top_k64,Metal,2026-06-05T23-49-38-780381-00-00-gemma-4-12B-it-qat-UD-Q4_K_XL,results/benchloop/qat-latest-llamacpp-all-suites-temp1-top_p095-top_k64/run-json/gemma-4-12B-it-qat-UD-Q4_K_XL.run.json,gemma-4-12B-it-qat-UD-Q4_K_XL,openai_compat,raw,speed,speed-medium-003,1,true,true,51.28,9878.420542008826,160,21,,0,0,16.196921291170625,9878.420542008826
qat_latest_llamacpp_all_suites_temp1_top_p095_top_k64,Metal,2026-06-05T23-49-38-780381-00-00-gemma-4-12B-it-qat-UD-Q4_K_XL,results/benchloop/qat-latest-llamacpp-all-suites-temp1-top_p095-top_k64/run-json/gemma-4-12B-it-qat-UD-Q4_K_XL.run.json,gemma-4-12B-it-qat-UD-Q4_K_XL,openai_compat,raw,speed,speed-medium-003,2,false,true,51.22,9909.926624997752,160,21,,0,0,16.145427312892572,9909.926624997752
qat_latest_llamacpp_all_suites_temp1_top_p095_top_k64,Metal,2026-06-05T23-49-38-780381-00-00-gemma-4-12B-it-qat-UD-Q4_K_XL,results/benchloop/qat-latest-llamacpp-all-suites-temp1-top_p095-top_k64/run-json/gemma-4-12B-it-qat-UD-Q4_K_XL.run.json,gemma-4-12B-it-qat-UD-Q4_K_XL,openai_compat,raw,speed,speed-medium-003,3,false,true,51.4,9813.831791994744,160,21,,0,0,16.30351970476138,9813.831791994744
qat_latest_llamacpp_all_suites_temp1_top_p095_top_k64,Metal,2026-06-05T23-49-38-780381-00-00-gemma-4-12B-it-qat-UD-Q4_K_XL,results/benchloop/qat-latest-llamacpp-all-suites-temp1-top_p095-top_k64/run-json/gemma-4-12B-it-qat-UD-Q4_K_XL.run.json,gemma-4-12B-it-qat-UD-Q4_K_XL,openai_compat,raw,speed,speed-long-001,1,true,true,51.59,23308.618166993256,384,24,,0,0,16.47459309894967,23308.618166993256
qat_latest_llamacpp_all_suites_temp1_top_p095_top_k64,Metal,2026-06-05T23-49-38-780381-00-00-gemma-4-12B-it-qat-UD-Q4_K_XL,results/benchloop/qat-latest-llamacpp-all-suites-temp1-top_p095-top_k64/run-json/gemma-4-12B-it-qat-UD-Q4_K_XL.run.json,gemma-4-12B-it-qat-UD-Q4_K_XL,openai_compat,raw,speed,speed-long-001,2,false,true,51.58,23313.704125001095,384,24,,0,0,16.470999114559707,23313.704125001095
qat_latest_llamacpp_all_suites_temp1_top_p095_top_k64,Metal,2026-06-05T23-49-38-780381-00-00-gemma-4-12B-it-qat-UD-Q4_K_XL,results/benchloop/qat-latest-llamacpp-all-suites-temp1-top_p095-top_k64/run-json/gemma-4-12B-it-qat-UD-Q4_K_XL.run.json,gemma-4-12B-it-qat-UD-Q4_K_XL,openai_compat,raw,speed,speed-long-001,3,false,true,51.61,23282.976582995616,384,24,,0,0,16.49273659796784,23282.976582995616
qat_latest_llamacpp_all_suites_temp1_top_p095_top_k64,Metal,2026-06-05T23-49-38-780381-00-00-gemma-4-12B-it-qat-UD-Q4_K_XL,results/benchloop/qat-latest-llamacpp-all-suites-temp1-top_p095-top_k64/run-json/gemma-4-12B-it-qat-UD-Q4_K_XL.run.json,gemma-4-12B-it-qat-UD-Q4_K_XL,openai_compat,raw,speed,speed-long-002,1,true,true,52.41,22273.419417004334,384,25,,0,0,17.240280569890427,22273.419417004334
qat_latest_llamacpp_all_suites_temp1_top_p095_top_k64,Metal,2026-06-05T23-49-38-780381-00-00-gemma-4-12B-it-qat-UD-Q4_K_XL,results/benchloop/qat-latest-llamacpp-all-suites-temp1-top_p095-top_k64/run-json/gemma-4-12B-it-qat-UD-Q4_K_XL.run.json,gemma-4-12B-it-qat-UD-Q4_K_XL,openai_compat,raw,speed,speed-long-002,2,false,true,52.02,22754.277083004126,384,25,,0,0,16.875948139298238,22754.277083004126
qat_latest_llamacpp_all_suites_temp1_top_p095_top_k64,Metal,2026-06-05T23-49-38-780381-00-00-gemma-4-12B-it-qat-UD-Q4_K_XL,results/benchloop/qat-latest-llamacpp-all-suites-temp1-top_p095-top_k64/run-json/gemma-4-12B-it-qat-UD-Q4_K_XL.run.json,gemma-4-12B-it-qat-UD-Q4_K_XL,openai_compat,raw,speed,speed-long-002,3,false,true,52.3,22411.74475000298,384,25,,0,0,17.13387352405702,22411.74475000298
qat_latest_llamacpp_all_suites_temp1_top_p095_top_k64,Metal,2026-06-05T23-49-38-780381-00-00-gemma-4-12B-it-qat-UD-Q4_K_XL,results/benchloop/qat-latest-llamacpp-all-suites-temp1-top_p095-top_k64/run-json/gemma-4-12B-it-qat-UD-Q4_K_XL.run.json,gemma-4-12B-it-qat-UD-Q4_K_XL,openai_compat,raw,speed,speed-long-003,1,true,true,52.05,22718.102917002398,384,25,,0,0,16.902819808629864,22718.102917002398
qat_latest_llamacpp_all_suites_temp1_top_p095_top_k64,Metal,2026-06-05T23-49-38-780381-00-00-gemma-4-12B-it-qat-UD-Q4_K_XL,results/benchloop/qat-latest-llamacpp-all-suites-temp1-top_p095-top_k64/run-json/gemma-4-12B-it-qat-UD-Q4_K_XL.run.json,gemma-4-12B-it-qat-UD-Q4_K_XL,openai_compat,raw,speed,speed-long-003,2,false,true,52.01,22771.628792004776,384,25,,0,0,16.863088868496934,22771.628792004776
qat_latest_llamacpp_all_suites_temp1_top_p095_top_k64,Metal,2026-06-05T23-49-38-780381-00-00-gemma-4-12B-it-qat-UD-Q4_K_XL,results/benchloop/qat-latest-llamacpp-all-suites-temp1-top_p095-top_k64/run-json/gemma-4-12B-it-qat-UD-Q4_K_XL.run.json,gemma-4-12B-it-qat-UD-Q4_K_XL,openai_compat,raw,speed,speed-long-003,3,false,true,52.33,22366.817667003488,384,25,,0,0,17.16828945972469,22366.817667003488
qat_latest_llamacpp_all_suites_temp1_top_p095_top_k64,Metal,2026-06-05T23-36-58-851555-00-00-gemma-4-E4B-it-qat-UD-Q4_K_XL,results/benchloop/qat-latest-llamacpp-all-suites-temp1-top_p095-top_k64/run-json/gemma-4-E4B-it-qat-UD-Q4_K_XL.run.json,gemma-4-E4B-it-qat-UD-Q4_K_XL,openai_compat,raw,speed,speed-short-001,1,true,true,59.45,314.413041996886,8,15,,0,0,25.444237138481146,314.413041996886
qat_latest_llamacpp_all_suites_temp1_top_p095_top_k64,Metal,2026-06-05T23-36-58-851555-00-00-gemma-4-E4B-it-qat-UD-Q4_K_XL,results/benchloop/qat-latest-llamacpp-all-suites-temp1-top_p095-top_k64/run-json/gemma-4-E4B-it-qat-UD-Q4_K_XL.run.json,gemma-4-E4B-it-qat-UD-Q4_K_XL,openai_compat,raw,speed,speed-short-001,2,false,true,60.13,302.8984590055188,8,15,,0,0,26.41149125111343,302.8984590055188
qat_latest_llamacpp_all_suites_temp1_top_p095_top_k64,Metal,2026-06-05T23-36-58-851555-00-00-gemma-4-E4B-it-qat-UD-Q4_K_XL,results/benchloop/qat-latest-llamacpp-all-suites-temp1-top_p095-top_k64/run-json/gemma-4-E4B-it-qat-UD-Q4_K_XL.run.json,gemma-4-E4B-it-qat-UD-Q4_K_XL,openai_compat,raw,speed,speed-short-001,3,false,true,56.32,373.7947920017177,8,15,,0,0,21.402117341333202,373.7947920017177
qat_latest_llamacpp_all_suites_temp1_top_p095_top_k64,Metal,2026-06-05T23-36-58-851555-00-00-gemma-4-E4B-it-qat-UD-Q4_K_XL,results/benchloop/qat-latest-llamacpp-all-suites-temp1-top_p095-top_k64/run-json/gemma-4-E4B-it-qat-UD-Q4_K_XL.run.json,gemma-4-E4B-it-qat-UD-Q4_K_XL,openai_compat,raw,speed,speed-short-002,1,true,true,63,1130.6196250079665,35,16,,0,0,30.956476630903506,1130.6196250079665
qat_latest_llamacpp_all_suites_temp1_top_p095_top_k64,Metal,2026-06-05T23-36-58-851555-00-00-gemma-4-E4B-it-qat-UD-Q4_K_XL,results/benchloop/qat-latest-llamacpp-all-suites-temp1-top_p095-top_k64/run-json/gemma-4-E4B-it-qat-UD-Q4_K_XL.run.json,gemma-4-E4B-it-qat-UD-Q4_K_XL,openai_compat,raw,speed,speed-short-002,2,false,true,64.36,1048.8887919927947,35,16,,0,0,33.36864715038392,1048.8887919927947
qat_latest_llamacpp_all_suites_temp1_top_p095_top_k64,Metal,2026-06-05T23-36-58-851555-00-00-gemma-4-E4B-it-qat-UD-Q4_K_XL,results/benchloop/qat-latest-llamacpp-all-suites-temp1-top_p095-top_k64/run-json/gemma-4-E4B-it-qat-UD-Q4_K_XL.run.json,gemma-4-E4B-it-qat-UD-Q4_K_XL,openai_compat,raw,speed,speed-short-002,3,false,true,63.46,1102.4770829972113,35,16,,0,0,31.746691645370493,1102.4770829972113
qat_latest_llamacpp_all_suites_temp1_top_p095_top_k64,Metal,2026-06-05T23-36-58-851555-00-00-gemma-4-E4B-it-qat-UD-Q4_K_XL,results/benchloop/qat-latest-llamacpp-all-suites-temp1-top_p095-top_k64/run-json/gemma-4-E4B-it-qat-UD-Q4_K_XL.run.json,gemma-4-E4B-it-qat-UD-Q4_K_XL,openai_compat,raw,speed,speed-short-003,1,true,true,63.51,784.9870830104919,25,19,,0,0,31.847657803645486,784.9870830104919
qat_latest_llamacpp_all_suites_temp1_top_p095_top_k64,Metal,2026-06-05T23-36-58-851555-00-00-gemma-4-E4B-it-qat-UD-Q4_K_XL,results/benchloop/qat-latest-llamacpp-all-suites-temp1-top_p095-top_k64/run-json/gemma-4-E4B-it-qat-UD-Q4_K_XL.run.json,gemma-4-E4B-it-qat-UD-Q4_K_XL,openai_compat,raw,speed,speed-short-003,2,false,true,61.61,872.1575830131769,25,19,,0,0,28.664544672797152,872.1575830131769
qat_latest_llamacpp_all_suites_temp1_top_p095_top_k64,Metal,2026-06-05T23-36-58-851555-00-00-gemma-4-E4B-it-qat-UD-Q4_K_XL,results/benchloop/qat-latest-llamacpp-all-suites-temp1-top_p095-top_k64/run-json/gemma-4-E4B-it-qat-UD-Q4_K_XL.run.json,gemma-4-E4B-it-qat-UD-Q4_K_XL,openai_compat,raw,speed,speed-short-003,3,false,true,63.77,773.8736659957794,25,19,,0,0,32.30501449849871,773.8736659957794
qat_latest_llamacpp_all_suites_temp1_top_p095_top_k64,Metal,2026-06-05T23-36-58-851555-00-00-gemma-4-E4B-it-qat-UD-Q4_K_XL,results/benchloop/qat-latest-llamacpp-all-suites-temp1-top_p095-top_k64/run-json/gemma-4-E4B-it-qat-UD-Q4_K_XL.run.json,gemma-4-E4B-it-qat-UD-Q4_K_XL,openai_compat,raw,speed,speed-medium-001,1,true,true,65.01,4625.601250008913,160,20,,0,0,34.5900978818033,4625.601250008913
qat_latest_llamacpp_all_suites_temp1_top_p095_top_k64,Metal,2026-06-05T23-36-58-851555-00-00-gemma-4-E4B-it-qat-UD-Q4_K_XL,results/benchloop/qat-latest-llamacpp-all-suites-temp1-top_p095-top_k64/run-json/gemma-4-E4B-it-qat-UD-Q4_K_XL.run.json,gemma-4-E4B-it-qat-UD-Q4_K_XL,openai_compat,raw,speed,speed-medium-001,2,false,true,65.13,4594.3355839990545,160,20,,0,0,34.825492625580246,4594.3355839990545
qat_latest_llamacpp_all_suites_temp1_top_p095_top_k64,Metal,2026-06-05T23-36-58-851555-00-00-gemma-4-E4B-it-qat-UD-Q4_K_XL,results/benchloop/qat-latest-llamacpp-all-suites-temp1-top_p095-top_k64/run-json/gemma-4-E4B-it-qat-UD-Q4_K_XL.run.json,gemma-4-E4B-it-qat-UD-Q4_K_XL,openai_compat,raw,speed,speed-medium-001,3,false,true,65.41,4523.415290997946,160,20,,0,0,35.37150354476985,4523.415290997946
qat_latest_llamacpp_all_suites_temp1_top_p095_top_k64,Metal,2026-06-05T23-36-58-851555-00-00-gemma-4-E4B-it-qat-UD-Q4_K_XL,results/benchloop/qat-latest-llamacpp-all-suites-temp1-top_p095-top_k64/run-json/gemma-4-E4B-it-qat-UD-Q4_K_XL.run.json,gemma-4-E4B-it-qat-UD-Q4_K_XL,openai_compat,raw,speed,speed-medium-002,1,true,true,65.11,4598.883790997206,160,20,,0,0,34.79105088787341,4598.883790997206
qat_latest_llamacpp_all_suites_temp1_top_p095_top_k64,Metal,2026-06-05T23-36-58-851555-00-00-gemma-4-E4B-it-qat-UD-Q4_K_XL,results/benchloop/qat-latest-llamacpp-all-suites-temp1-top_p095-top_k64/run-json/gemma-4-E4B-it-qat-UD-Q4_K_XL.run.json,gemma-4-E4B-it-qat-UD-Q4_K_XL,openai_compat,raw,speed,speed-medium-002,2,false,true,64.92,4648.488459002692,160,20,,0,0,34.419790736519786,4648.488459002692
qat_latest_llamacpp_all_suites_temp1_top_p095_top_k64,Metal,2026-06-05T23-36-58-851555-00-00-gemma-4-E4B-it-qat-UD-Q4_K_XL,results/benchloop/qat-latest-llamacpp-all-suites-temp1-top_p095-top_k64/run-json/gemma-4-E4B-it-qat-UD-Q4_K_XL.run.json,gemma-4-E4B-it-qat-UD-Q4_K_XL,openai_compat,raw,speed,speed-medium-002,3,false,true,65.4,4526.744125003461,160,20,,0,0,35.34549238518704,4526.744125003461
qat_latest_llamacpp_all_suites_temp1_top_p095_top_k64,Metal,2026-06-05T23-36-58-851555-00-00-gemma-4-E4B-it-qat-UD-Q4_K_XL,results/benchloop/qat-latest-llamacpp-all-suites-temp1-top_p095-top_k64/run-json/gemma-4-E4B-it-qat-UD-Q4_K_XL.run.json,gemma-4-E4B-it-qat-UD-Q4_K_XL,openai_compat,raw,speed,speed-medium-003,1,true,true,65.34,4541.716541003552,160,17,,0,0,35.228970931031704,4541.716541003552
qat_latest_llamacpp_all_suites_temp1_top_p095_top_k64,Metal,2026-06-05T23-36-58-851555-00-00-gemma-4-E4B-it-qat-UD-Q4_K_XL,results/benchloop/qat-latest-llamacpp-all-suites-temp1-top_p095-top_k64/run-json/gemma-4-E4B-it-qat-UD-Q4_K_XL.run.json,gemma-4-E4B-it-qat-UD-Q4_K_XL,openai_compat,raw,speed,speed-medium-003,2,false,true,65.02,4622.170957998605,160,17,,0,0,34.61576853255982,4622.170957998605
qat_latest_llamacpp_all_suites_temp1_top_p095_top_k64,Metal,2026-06-05T23-36-58-851555-00-00-gemma-4-E4B-it-qat-UD-Q4_K_XL,results/benchloop/qat-latest-llamacpp-all-suites-temp1-top_p095-top_k64/run-json/gemma-4-E4B-it-qat-UD-Q4_K_XL.run.json,gemma-4-E4B-it-qat-UD-Q4_K_XL,openai_compat,raw,speed,speed-medium-003,3,false,true,65.29,4553.553541001747,160,17,,0,0,35.13739293044553,4553.553541001747
qat_latest_llamacpp_all_suites_temp1_top_p095_top_k64,Metal,2026-06-05T23-36-58-851555-00-00-gemma-4-E4B-it-qat-UD-Q4_K_XL,results/benchloop/qat-latest-llamacpp-all-suites-temp1-top_p095-top_k64/run-json/gemma-4-E4B-it-qat-UD-Q4_K_XL.run.json,gemma-4-E4B-it-qat-UD-Q4_K_XL,openai_compat,raw,speed,speed-long-001,1,true,true,65.86,10590.022042000783,384,20,,0,0,36.260547756844,10590.022042000783
qat_latest_llamacpp_all_suites_temp1_top_p095_top_k64,Metal,2026-06-05T23-36-58-851555-00-00-gemma-4-E4B-it-qat-UD-Q4_K_XL,results/benchloop/qat-latest-llamacpp-all-suites-temp1-top_p095-top_k64/run-json/gemma-4-E4B-it-qat-UD-Q4_K_XL.run.json,gemma-4-E4B-it-qat-UD-Q4_K_XL,openai_compat,raw,speed,speed-long-001,2,false,true,67.02,9934.589707991108,384,20,,0,0,38.6528292850505,9934.589707991108
qat_latest_llamacpp_all_suites_temp1_top_p095_top_k64,Metal,2026-06-05T23-36-58-851555-00-00-gemma-4-E4B-it-qat-UD-Q4_K_XL,results/benchloop/qat-latest-llamacpp-all-suites-temp1-top_p095-top_k64/run-json/gemma-4-E4B-it-qat-UD-Q4_K_XL.run.json,gemma-4-E4B-it-qat-UD-Q4_K_XL,openai_compat,raw,speed,speed-long-001,3,false,true,66.26,10356.499417001032,384,20,,0,0,37.078165559458526,10356.499417001032
qat_latest_llamacpp_all_suites_temp1_top_p095_top_k64,Metal,2026-06-05T23-36-58-851555-00-00-gemma-4-E4B-it-qat-UD-Q4_K_XL,results/benchloop/qat-latest-llamacpp-all-suites-temp1-top_p095-top_k64/run-json/gemma-4-E4B-it-qat-UD-Q4_K_XL.run.json,gemma-4-E4B-it-qat-UD-Q4_K_XL,openai_compat,raw,speed,speed-long-002,1,true,true,66.88,10008.015667001018,384,21,,0,0,38.369244491307704,10008.015667001018
qat_latest_llamacpp_all_suites_temp1_top_p095_top_k64,Metal,2026-06-05T23-36-58-851555-00-00-gemma-4-E4B-it-qat-UD-Q4_K_XL,results/benchloop/qat-latest-llamacpp-all-suites-temp1-top_p095-top_k64/run-json/gemma-4-E4B-it-qat-UD-Q4_K_XL.run.json,gemma-4-E4B-it-qat-UD-Q4_K_XL,openai_compat,raw,speed,speed-long-002,2,false,true,66.21,10386.817457998404,384,21,,0,0,36.9699382465126,10386.817457998404
qat_latest_llamacpp_all_suites_temp1_top_p095_top_k64,Metal,2026-06-05T23-36-58-851555-00-00-gemma-4-E4B-it-qat-UD-Q4_K_XL,results/benchloop/qat-latest-llamacpp-all-suites-temp1-top_p095-top_k64/run-json/gemma-4-E4B-it-qat-UD-Q4_K_XL.run.json,gemma-4-E4B-it-qat-UD-Q4_K_XL,openai_compat,raw,speed,speed-long-002,3,false,true,66.25,10367.021832993487,384,21,,0,0,37.04053161901364,10367.021832993487
qat_latest_llamacpp_all_suites_temp1_top_p095_top_k64,Metal,2026-06-05T23-36-58-851555-00-00-gemma-4-E4B-it-qat-UD-Q4_K_XL,results/benchloop/qat-latest-llamacpp-all-suites-temp1-top_p095-top_k64/run-json/gemma-4-E4B-it-qat-UD-Q4_K_XL.run.json,gemma-4-E4B-it-qat-UD-Q4_K_XL,openai_compat,raw,speed,speed-long-003,1,true,true,66.47,10237.327750000986,384,21,,0,0,37.50978862623237,10237.327750000986
qat_latest_llamacpp_all_suites_temp1_top_p095_top_k64,Metal,2026-06-05T23-36-58-851555-00-00-gemma-4-E4B-it-qat-UD-Q4_K_XL,results/benchloop/qat-latest-llamacpp-all-suites-temp1-top_p095-top_k64/run-json/gemma-4-E4B-it-qat-UD-Q4_K_XL.run.json,gemma-4-E4B-it-qat-UD-Q4_K_XL,openai_compat,raw,speed,speed-long-003,2,false,true,66.44,10258.094833989162,384,21,,0,0,37.43385162785342,10258.094833989162
qat_latest_llamacpp_all_suites_temp1_top_p095_top_k64,Metal,2026-06-05T23-36-58-851555-00-00-gemma-4-E4B-it-qat-UD-Q4_K_XL,results/benchloop/qat-latest-llamacpp-all-suites-temp1-top_p095-top_k64/run-json/gemma-4-E4B-it-qat-UD-Q4_K_XL.run.json,gemma-4-E4B-it-qat-UD-Q4_K_XL,openai_compat,raw,speed,speed-long-003,3,false,true,66.46,10242.95854200318,384,21,,0,0,37.48916862499596,10242.95854200318
qat_latest_llamacpp_all_suites_temp1_top_p095_top_k64,Metal,2026-06-05T23-07-10-218031-00-00-gemma-4-E2B-it-qat-UD-Q4_K_XL,results/benchloop/qat-latest-llamacpp-all-suites-temp1-top_p095-top_k64/run-json/gemma-4-E2B-it-qat-UD-Q4_K_XL.run.json,gemma-4-E2B-it-qat-UD-Q4_K_XL,openai_compat,raw,speed,speed-short-001,1,true,true,68.52,190.4854579915991,8,15,,0,0,41.99795661227232,190.4854579915991
qat_latest_llamacpp_all_suites_temp1_top_p095_top_k64,Metal,2026-06-05T23-07-10-218031-00-00-gemma-4-E2B-it-qat-UD-Q4_K_XL,results/benchloop/qat-latest-llamacpp-all-suites-temp1-top_p095-top_k64/run-json/gemma-4-E2B-it-qat-UD-Q4_K_XL.run.json,gemma-4-E2B-it-qat-UD-Q4_K_XL,openai_compat,raw,speed,speed-short-001,2,false,true,69.03,185.1991250005085,8,15,,0,0,43.196748364648236,185.1991250005085
qat_latest_llamacpp_all_suites_temp1_top_p095_top_k64,Metal,2026-06-05T23-07-10-218031-00-00-gemma-4-E2B-it-qat-UD-Q4_K_XL,results/benchloop/qat-latest-llamacpp-all-suites-temp1-top_p095-top_k64/run-json/gemma-4-E2B-it-qat-UD-Q4_K_XL.run.json,gemma-4-E2B-it-qat-UD-Q4_K_XL,openai_compat,raw,speed,speed-short-001,3,false,true,64.07,243.52233299578074,8,15,,0,0,32.85119644504476,243.52233299578074
qat_latest_llamacpp_all_suites_temp1_top_p095_top_k64,Metal,2026-06-05T23-07-10-218031-00-00-gemma-4-E2B-it-qat-UD-Q4_K_XL,results/benchloop/qat-latest-llamacpp-all-suites-temp1-top_p095-top_k64/run-json/gemma-4-E2B-it-qat-UD-Q4_K_XL.run.json,gemma-4-E2B-it-qat-UD-Q4_K_XL,openai_compat,raw,speed,speed-short-002,1,true,true,70.3,733.7162500043632,34,16,,0,0,46.33943980359957,733.7162500043632
qat_latest_llamacpp_all_suites_temp1_top_p095_top_k64,Metal,2026-06-05T23-07-10-218031-00-00-gemma-4-E2B-it-qat-UD-Q4_K_XL,results/benchloop/qat-latest-llamacpp-all-suites-temp1-top_p095-top_k64/run-json/gemma-4-E2B-it-qat-UD-Q4_K_XL.run.json,gemma-4-E2B-it-qat-UD-Q4_K_XL,openai_compat,raw,speed,speed-short-002,2,false,true,72.88,636.0520419984823,34,16,,0,0,53.45474545317335,636.0520419984823
qat_latest_llamacpp_all_suites_temp1_top_p095_top_k64,Metal,2026-06-05T23-07-10-218031-00-00-gemma-4-E2B-it-qat-UD-Q4_K_XL,results/benchloop/qat-latest-llamacpp-all-suites-temp1-top_p095-top_k64/run-json/gemma-4-E2B-it-qat-UD-Q4_K_XL.run.json,gemma-4-E2B-it-qat-UD-Q4_K_XL,openai_compat,raw,speed,speed-short-002,3,false,true,71.28,694.8375409992877,34,16,,0,0,48.932301428478596,694.8375409992877
qat_latest_llamacpp_all_suites_temp1_top_p095_top_k64,Metal,2026-06-05T23-07-10-218031-00-00-gemma-4-E2B-it-qat-UD-Q4_K_XL,results/benchloop/qat-latest-llamacpp-all-suites-temp1-top_p095-top_k64/run-json/gemma-4-E2B-it-qat-UD-Q4_K_XL.run.json,gemma-4-E2B-it-qat-UD-Q4_K_XL,openai_compat,raw,speed,speed-short-003,1,true,true,70.8,545.7041250047041,26,19,,0,0,47.64486616218243,545.7041250047041
qat_latest_llamacpp_all_suites_temp1_top_p095_top_k64,Metal,2026-06-05T23-07-10-218031-00-00-gemma-4-E2B-it-qat-UD-Q4_K_XL,results/benchloop/qat-latest-llamacpp-all-suites-temp1-top_p095-top_k64/run-json/gemma-4-E2B-it-qat-UD-Q4_K_XL.run.json,gemma-4-E2B-it-qat-UD-Q4_K_XL,openai_compat,raw,speed,speed-short-003,2,false,true,75.03,431.8376250012079,26,19,,0,0,60.20781537951278,431.8376250012079
qat_latest_llamacpp_all_suites_temp1_top_p095_top_k64,Metal,2026-06-05T23-07-10-218031-00-00-gemma-4-E2B-it-qat-UD-Q4_K_XL,results/benchloop/qat-latest-llamacpp-all-suites-temp1-top_p095-top_k64/run-json/gemma-4-E2B-it-qat-UD-Q4_K_XL.run.json,gemma-4-E2B-it-qat-UD-Q4_K_XL,openai_compat,raw,speed,speed-short-003,3,false,true,75.57,419.1400830022758,26,19,,0,0,62.03176707358439,419.1400830022758
qat_latest_llamacpp_all_suites_temp1_top_p095_top_k64,Metal,2026-06-05T23-07-10-218031-00-00-gemma-4-E2B-it-qat-UD-Q4_K_XL,results/benchloop/qat-latest-llamacpp-all-suites-temp1-top_p095-top_k64/run-json/gemma-4-E2B-it-qat-UD-Q4_K_XL.run.json,gemma-4-E2B-it-qat-UD-Q4_K_XL,openai_compat,raw,speed,speed-medium-001,1,true,true,73.46,2898.822957999073,160,20,,0,0,55.194816074742555,2898.822957999073
qat_latest_llamacpp_all_suites_temp1_top_p095_top_k64,Metal,2026-06-05T23-07-10-218031-00-00-gemma-4-E2B-it-qat-UD-Q4_K_XL,results/benchloop/qat-latest-llamacpp-all-suites-temp1-top_p095-top_k64/run-json/gemma-4-E2B-it-qat-UD-Q4_K_XL.run.json,gemma-4-E2B-it-qat-UD-Q4_K_XL,openai_compat,raw,speed,speed-medium-001,2,false,true,73.63,2872.287584003061,160,20,,0,0,55.70472848579131,2872.287584003061
qat_latest_llamacpp_all_suites_temp1_top_p095_top_k64,Metal,2026-06-05T23-07-10-218031-00-00-gemma-4-E2B-it-qat-UD-Q4_K_XL,results/benchloop/qat-latest-llamacpp-all-suites-temp1-top_p095-top_k64/run-json/gemma-4-E2B-it-qat-UD-Q4_K_XL.run.json,gemma-4-E2B-it-qat-UD-Q4_K_XL,openai_compat,raw,speed,speed-medium-001,3,false,true,74.07,2803.7736670084996,160,20,,0,0,57.065947184928376,2803.7736670084996
qat_latest_llamacpp_all_suites_temp1_top_p095_top_k64,Metal,2026-06-05T23-07-10-218031-00-00-gemma-4-E2B-it-qat-UD-Q4_K_XL,results/benchloop/qat-latest-llamacpp-all-suites-temp1-top_p095-top_k64/run-json/gemma-4-E2B-it-qat-UD-Q4_K_XL.run.json,gemma-4-E2B-it-qat-UD-Q4_K_XL,openai_compat,raw,speed,speed-medium-002,1,true,true,73.09,2959.1941670078086,160,20,,0,0,54.06877378437932,2959.1941670078086
qat_latest_llamacpp_all_suites_temp1_top_p095_top_k64,Metal,2026-06-05T23-07-10-218031-00-00-gemma-4-E2B-it-qat-UD-Q4_K_XL,results/benchloop/qat-latest-llamacpp-all-suites-temp1-top_p095-top_k64/run-json/gemma-4-E2B-it-qat-UD-Q4_K_XL.run.json,gemma-4-E2B-it-qat-UD-Q4_K_XL,openai_compat,raw,speed,speed-medium-002,2,false,true,74.91,2676.6040829970734,160,20,,0,0,59.777238261119,2676.6040829970734
qat_latest_llamacpp_all_suites_temp1_top_p095_top_k64,Metal,2026-06-05T23-07-10-218031-00-00-gemma-4-E2B-it-qat-UD-Q4_K_XL,results/benchloop/qat-latest-llamacpp-all-suites-temp1-top_p095-top_k64/run-json/gemma-4-E2B-it-qat-UD-Q4_K_XL.run.json,gemma-4-E2B-it-qat-UD-Q4_K_XL,openai_compat,raw,speed,speed-medium-002,3,false,true,73.25,2933.237083008862,160,20,,0,0,54.54724438294461,2933.237083008862
qat_latest_llamacpp_all_suites_temp1_top_p095_top_k64,Metal,2026-06-05T23-07-10-218031-00-00-gemma-4-E2B-it-qat-UD-Q4_K_XL,results/benchloop/qat-latest-llamacpp-all-suites-temp1-top_p095-top_k64/run-json/gemma-4-E2B-it-qat-UD-Q4_K_XL.run.json,gemma-4-E2B-it-qat-UD-Q4_K_XL,openai_compat,raw,speed,speed-medium-003,1,true,true,73.67,2865.008749999106,160,17,,0,0,55.846251778480585,2865.008749999106
qat_latest_llamacpp_all_suites_temp1_top_p095_top_k64,Metal,2026-06-05T23-07-10-218031-00-00-gemma-4-E2B-it-qat-UD-Q4_K_XL,results/benchloop/qat-latest-llamacpp-all-suites-temp1-top_p095-top_k64/run-json/gemma-4-E2B-it-qat-UD-Q4_K_XL.run.json,gemma-4-E2B-it-qat-UD-Q4_K_XL,openai_compat,raw,speed,speed-medium-003,2,false,true,73.36,2915.9517910011346,160,17,,0,0,54.87059165167719,2915.9517910011346
qat_latest_llamacpp_all_suites_temp1_top_p095_top_k64,Metal,2026-06-05T23-07-10-218031-00-00-gemma-4-E2B-it-qat-UD-Q4_K_XL,results/benchloop/qat-latest-llamacpp-all-suites-temp1-top_p095-top_k64/run-json/gemma-4-E2B-it-qat-UD-Q4_K_XL.run.json,gemma-4-E2B-it-qat-UD-Q4_K_XL,openai_compat,raw,speed,speed-medium-003,3,false,true,73.97,2819.3157089990564,160,17,,0,0,56.751359732183,2819.3157089990564
qat_latest_llamacpp_all_suites_temp1_top_p095_top_k64,Metal,2026-06-05T23-07-10-218031-00-00-gemma-4-E2B-it-qat-UD-Q4_K_XL,results/benchloop/qat-latest-llamacpp-all-suites-temp1-top_p095-top_k64/run-json/gemma-4-E2B-it-qat-UD-Q4_K_XL.run.json,gemma-4-E2B-it-qat-UD-Q4_K_XL,openai_compat,raw,speed,speed-long-001,1,true,true,74.39,6610.264250004548,384,20,,0,0,58.091474936079265,6610.264250004548
qat_latest_llamacpp_all_suites_temp1_top_p095_top_k64,Metal,2026-06-05T23-07-10-218031-00-00-gemma-4-E2B-it-qat-UD-Q4_K_XL,results/benchloop/qat-latest-llamacpp-all-suites-temp1-top_p095-top_k64/run-json/gemma-4-E2B-it-qat-UD-Q4_K_XL.run.json,gemma-4-E2B-it-qat-UD-Q4_K_XL,openai_compat,raw,speed,speed-long-001,2,false,true,74.28,6651.055833004648,384,20,,0,0,57.735194176911016,6651.055833004648
qat_latest_llamacpp_all_suites_temp1_top_p095_top_k64,Metal,2026-06-05T23-07-10-218031-00-00-gemma-4-E2B-it-qat-UD-Q4_K_XL,results/benchloop/qat-latest-llamacpp-all-suites-temp1-top_p095-top_k64/run-json/gemma-4-E2B-it-qat-UD-Q4_K_XL.run.json,gemma-4-E2B-it-qat-UD-Q4_K_XL,openai_compat,raw,speed,speed-long-001,3,false,true,74.17,6692.062666988932,384,20,,0,0,57.38141124921344,6692.062666988932
qat_latest_llamacpp_all_suites_temp1_top_p095_top_k64,Metal,2026-06-05T23-07-10-218031-00-00-gemma-4-E2B-it-qat-UD-Q4_K_XL,results/benchloop/qat-latest-llamacpp-all-suites-temp1-top_p095-top_k64/run-json/gemma-4-E2B-it-qat-UD-Q4_K_XL.run.json,gemma-4-E2B-it-qat-UD-Q4_K_XL,openai_compat,raw,speed,speed-long-002,1,true,true,74.41,6602.407333004521,384,21,,0,0,58.16060425118534,6602.407333004521
qat_latest_llamacpp_all_suites_temp1_top_p095_top_k64,Metal,2026-06-05T23-07-10-218031-00-00-gemma-4-E2B-it-qat-UD-Q4_K_XL,results/benchloop/qat-latest-llamacpp-all-suites-temp1-top_p095-top_k64/run-json/gemma-4-E2B-it-qat-UD-Q4_K_XL.run.json,gemma-4-E2B-it-qat-UD-Q4_K_XL,openai_compat,raw,speed,speed-long-002,2,false,true,73.94,6774.7755000018515,384,21,,0,0,56.680844996250435,6774.7755000018515
qat_latest_llamacpp_all_suites_temp1_top_p095_top_k64,Metal,2026-06-05T23-07-10-218031-00-00-gemma-4-E2B-it-qat-UD-Q4_K_XL,results/benchloop/qat-latest-llamacpp-all-suites-temp1-top_p095-top_k64/run-json/gemma-4-E2B-it-qat-UD-Q4_K_XL.run.json,gemma-4-E2B-it-qat-UD-Q4_K_XL,openai_compat,raw,speed,speed-long-002,3,false,true,74.1,6715.640041991719,384,21,,0,0,57.179955685372555,6715.640041991719
qat_latest_llamacpp_all_suites_temp1_top_p095_top_k64,Metal,2026-06-05T23-07-10-218031-00-00-gemma-4-E2B-it-qat-UD-Q4_K_XL,results/benchloop/qat-latest-llamacpp-all-suites-temp1-top_p095-top_k64/run-json/gemma-4-E2B-it-qat-UD-Q4_K_XL.run.json,gemma-4-E2B-it-qat-UD-Q4_K_XL,openai_compat,raw,speed,speed-long-003,1,true,true,74.12,6709.04058299493,384,21,,0,0,57.23620169675312,6709.04058299493
qat_latest_llamacpp_all_suites_temp1_top_p095_top_k64,Metal,2026-06-05T23-07-10-218031-00-00-gemma-4-E2B-it-qat-UD-Q4_K_XL,results/benchloop/qat-latest-llamacpp-all-suites-temp1-top_p095-top_k64/run-json/gemma-4-E2B-it-qat-UD-Q4_K_XL.run.json,gemma-4-E2B-it-qat-UD-Q4_K_XL,openai_compat,raw,speed,speed-long-003,2,false,true,73.84,6812.908708001487,384,21,,0,0,56.363591009080665,6812.908708001487
qat_latest_llamacpp_all_suites_temp1_top_p095_top_k64,Metal,2026-06-05T23-07-10-218031-00-00-gemma-4-E2B-it-qat-UD-Q4_K_XL,results/benchloop/qat-latest-llamacpp-all-suites-temp1-top_p095-top_k64/run-json/gemma-4-E2B-it-qat-UD-Q4_K_XL.run.json,gemma-4-E2B-it-qat-UD-Q4_K_XL,openai_compat,raw,speed,speed-long-003,3,false,true,74.23,6668.457124993438,384,21,,0,0,57.58453459358155,6668.457124993438
